StellarType,MassMstar/Msun,LuminosityLstar/Lsun,RadiusRstar/Rsun,TempK,Color IndexB-V,Abs MagMv,Bolo CorrBC(Temp),Bolo MagMbol,Star ColorRGB 0-255
O0Ia0,160.0,34100000.0,80.2,50000.0,-0.35,-9.5,-4.58,-14.08,144 166 255
O0Ia,150.0,2590000.0,22.1,50000.0,-0.35,-6.7,-4.58,-11.28,144 166 255
O0Ib,140.0,2150000.0,20.2,50000.0,-0.35,-6.5,-4.58,-11.08,144 166 255
O0II,130.0,2150000.0,20.2,50000.0,-0.35,-6.5,-4.58,-11.08,144 166 255
O0III,120.0,2150000.0,20.2,50000.0,-0.35,-6.5,-4.58,-11.08,144 166 255
O0IV,110.0,1360000.0,16.0,50000.0,-0.35,-6.0,-4.58,-10.58,144 166 255
O0V,100.0,1240000.0,15.3,50000.0,-0.35,-5.9,-4.58,-10.48,144 166 255
O0VI,60.0,940000.0,13.3,50000.0,-0.35,-5.6,-4.58,-10.18,144 166 255
O1Ia0,159.7,27100000.0,78.8,47600.0,-0.35,-9.4,-4.43,-13.83,146 168 255
O1Ia,149.3,2250000.0,22.7,47600.0,-0.35,-6.7,-4.43,-11.13,146 168 255
O1Ib,139.0,1870000.0,20.7,47600.0,-0.35,-6.5,-4.43,-10.93,146 168 255
O1II,128.6,1730000.0,19.8,47800.0,-0.35,-6.4,-4.44,-10.84,146 168 255
O1III,118.2,1580000.0,18.9,47800.0,-0.35,-6.3,-4.44,-10.74,146 168 255
O1IV,107.9,1090000.0,15.7,47800.0,-0.35,-5.9,-4.44,-10.34,145 167 255
O1V,97.5,994000.0,15.0,47800.0,-0.35,-5.8,-4.44,-10.24,146 168 255
O1VI,37.0,754000.0,13.1,47800.0,-0.35,-5.5,-4.44,-9.94,146 168 255
O2Ia0,159.4,21400000.0,77.7,45200.0,-0.35,-9.3,-4.28,-13.58,148 170 255
O2Ia,148.6,2140000.0,24.6,45200.0,-0.35,-6.8,-4.28,-11.08,148 170 255
O2Ib,137.9,1620000.0,21.4,45200.0,-0.35,-6.5,-4.28,-10.78,148 170 255
O2II,127.2,1520000.0,20.3,45600.0,-0.35,-6.4,-4.3,-10.7,148 170 255
O2III,116.5,1260000.0,18.5,45600.0,-0.35,-6.2,-4.3,-10.5,148 169 255
O2IV,105.7,872000.0,15.4,45600.0,-0.35,-5.8,-4.3,-10.1,146 169 255
O2V,95.0,795000.0,14.7,45600.0,-0.35,-5.7,-4.3,-10.0,148 170 255
O2VI,30.0,603000.0,12.8,45600.0,-0.35,-5.4,-4.3,-9.7,148 170 255
O3Ia0,159.0,16800000.0,76.9,42800.0,-0.34,-9.2,-4.12,-13.32,151 172 255
O3Ia,148.0,1850000.0,25.5,42800.0,-0.34,-6.8,-4.12,-10.92,151 172 255
O3Ib,136.9,1400000.0,22.2,42800.0,-0.34,-6.5,-4.12,-10.62,151 172 255
O3II,125.8,1210000.0,20.0,43400.0,-0.34,-6.3,-4.16,-10.46,149 173 255
O3III,114.7,917000.0,17.5,43400.0,-0.34,-6.0,-4.16,-10.16,150 171 255
O3IV,103.6,696000.0,15.2,43400.0,-0.34,-5.7,-4.16,-9.86,148 170 255
O3V,92.5,634000.0,14.5,43400.0,-0.34,-5.6,-4.16,-9.76,151 172 255
O3VI,23.0,481000.0,12.6,43400.0,-0.34,-5.3,-4.16,-9.46,151 172 255
O4Ia0,158.7,13200000.0,76.4,40400.0,-0.33,-9.1,-3.95,-13.05,153 174 255
O4Ia,147.3,1740000.0,27.7,40400.0,-0.33,-6.9,-3.95,-10.85,153 174 255
O4Ib,135.8,1200000.0,23.1,40400.0,-0.33,-6.5,-3.95,-10.45,153 174 255
O4II,124.4,960000.0,19.8,41200.0,-0.34,-6.2,-4.01,-10.21,151 175 255
O4III,112.9,728000.0,17.3,41200.0,-0.34,-5.9,-4.01,-9.91,152 172 255
O4IV,101.5,552000.0,15.0,41200.0,-0.34,-5.6,-4.01,-9.61,149 171 255
O4V,90.0,504000.0,14.4,41200.0,-0.34,-5.5,-4.01,-9.51,153 174 255
O4VI,20.0,382000.0,12.5,41200.0,-0.34,-5.2,-4.01,-9.21,153 174 255
O5Ia0,158.4,10300000.0,76.2,38000.0,-0.33,-9.0,-3.78,-12.78,155 176 255
O5Ia,142.0,1480000.0,29.0,38000.0,-0.33,-6.9,-3.78,-10.68,155 176 255
O5Ib,125.6,1030000.0,24.1,38000.0,-0.33,-6.5,-3.78,-10.28,155 176 255
O5II,109.2,759000.0,19.7,39000.0,-0.33,-6.1,-3.85,-9.95,153 177 255
O5III,92.8,525000.0,16.4,39000.0,-0.33,-5.7,-3.85,-9.55,154 174 255
O5IV,76.4,437000.0,14.9,39000.0,-0.33,-5.5,-3.85,-9.35,150 172 255
O5V,60.0,398000.0,14.2,39000.0,-0.33,-5.4,-3.85,-9.25,155 176 255
O5VI,17.5,302000.0,12.4,39000.0,-0.33,-5.1,-3.85,-8.95,155 176 255
O6Ia0,136.7,7810000.0,76.6,35400.0,-0.32,-8.9,-3.58,-12.48,157 178 255
O6Ia,120.1,1360000.0,31.9,35400.0,-0.32,-7.0,-3.58,-10.58,157 178 255
O6Ib,103.5,781000.0,24.2,35400.0,-0.32,-6.4,-3.58,-9.98,157 178 255
O6II,86.9,654000.0,20.5,36800.0,-0.32,-6.1,-3.69,-9.79,155 179 255
O6III,70.2,376000.0,15.6,36800.0,-0.32,-5.5,-3.69,-9.19,156 175 255
O6IV,53.6,313000.0,14.2,36800.0,-0.32,-5.3,-3.69,-8.99,151 174 255
O6V,37.0,260000.0,12.9,36800.0,-0.32,-5.1,-3.69,-8.79,162 184 255
O6VI,14.2,180000.0,10.8,36800.0,-0.32,-4.7,-3.69,-8.39,162 184 255
O7Ia0,115.1,5880000.0,77.4,32800.0,-0.31,-8.8,-3.37,-12.17,160 181 255
O7Ia,100.9,1120000.0,33.8,32800.0,-0.31,-7.0,-3.37,-10.37,160 181 255
O7Ib,86.7,588000.0,24.5,32800.0,-0.31,-6.3,-3.37,-9.67,160 181 255
O7II,72.5,510000.0,20.5,34600.0,-0.32,-6.0,-3.52,-9.52,156 181 255
O7III,58.4,294000.0,15.5,34600.0,-0.32,-5.4,-3.52,-8.92,158 177 255
O7IV,44.2,223000.0,13.5,34600.0,-0.32,-5.1,-3.52,-8.62,152 175 255
O7V,30.0,154000.0,11.3,34600.0,-0.32,-4.7,-3.52,-8.22,157 177 255
O7VI,10.9,107000.0,9.36,34600.0,-0.32,-4.3,-3.52,-7.82,157 177 255
O8Ia0,93.4,4370000.0,78.7,30200.0,-0.3,-8.7,-3.15,-11.85,162 183 255
O8Ia,81.7,913000.0,36.0,30200.0,-0.3,-7.0,-3.15,-10.15,162 183 255
O8Ib,69.9,437000.0,24.9,30200.0,-0.3,-6.2,-3.15,-9.35,162 183 255
O8II,58.2,360000.0,19.6,32400.0,-0.31,-5.8,-3.34,-9.14,158 183 255
O8III,46.5,207000.0,14.9,32400.0,-0.31,-5.2,-3.34,-8.54,157 178 255
O8IV,34.7,157000.0,13.0,32400.0,-0.31,-4.9,-3.34,-8.24,153 176 255
O8V,23.0,99100.0,10.3,32400.0,-0.31,-4.4,-3.34,-7.74,157 177 255
O8VI,7.6,57000.0,7.81,32400.0,-0.31,-3.8,-3.34,-7.14,157 177 255
O9Ia0,71.8,3190000.0,80.5,27600.0,-0.29,-8.6,-2.91,-11.51,164 185 255
O9Ia,63.1,731000.0,38.5,27600.0,-0.29,-7.0,-2.91,-9.91,164 185 255
O9Ib,54.5,319000.0,25.5,27600.0,-0.29,-6.1,-2.91,-9.01,164 185 255
O9II,45.9,276000.0,19.8,30200.0,-0.3,-5.7,-3.15,-8.85,160 186 255
O9III,37.3,159000.0,15.0,30200.0,-0.3,-5.1,-3.15,-8.25,158 177 255
O9IV,28.6,110000.0,12.5,30200.0,-0.3,-4.7,-3.15,-7.85,155 177 255
O9V,20.0,57600.0,9.04,30200.0,-0.3,-4.0,-3.15,-7.15,154 178 255
O9VI,6.7,33100.0,6.85,30200.0,-0.3,-3.4,-3.15,-6.55,154 178 255
B0Ia0,50.1,2280000.0,83.0,25000.0,-0.27,-8.5,-2.65,-11.15,161 189 255
B0Ia,44.7,573000.0,41.6,25000.0,-0.27,-7.0,-2.65,-9.65,161 189 255
B0Ib,39.2,228000.0,26.2,25000.0,-0.27,-6.0,-2.65,-8.65,161 189 255
B0II,33.8,190000.0,19.1,28000.0,-0.29,-5.5,-2.95,-8.45,162 188 255
B0III,28.4,109000.0,14.5,28000.0,-0.29,-4.9,-2.95,-7.85,158 177 255
B0IV,22.9,75700.0,12.1,28000.0,-0.29,-4.5,-2.95,-7.45,156 179 255
B0V,17.5,36200.0,8.34,28000.0,-0.29,-3.7,-2.95,-6.65,156 178 255
B0VI,5.9,19000.0,6.04,28000.0,-0.29,-3.0,-2.95,-5.95,156 178 255
B1Ia0,45.1,2020000.0,86.2,23790.0,-0.26,-8.5,-2.51,-11.01,168 193 255
B1Ia,40.0,507000.0,43.2,23790.0,-0.26,-7.0,-2.51,-9.51,168 193 255
B1Ib,34.8,184000.0,26.0,23790.0,-0.26,-5.9,-2.51,-8.41,168 193 255
B1II,29.7,134000.0,18.3,26190.0,-0.28,-5.3,-2.77,-8.07,163 190 255
B1III,24.5,53400.0,11.6,26190.0,-0.28,-4.3,-2.77,-7.07,158 177 255
B1IV,19.4,37000.0,9.63,26190.0,-0.28,-3.9,-2.77,-6.67,157 180 255
B1V,14.2,19400.0,6.97,26190.0,-0.28,-3.2,-2.77,-5.97,160 182 255
B1VI,5.2,10200.0,5.05,26190.0,-0.28,-2.5,-2.77,-5.27,160 182 255
B2Ia0,40.1,1620000.0,85.7,22580.0,-0.25,-8.4,-2.37,-10.77,177 196 255
B2Ia,35.2,446000.0,45.0,22580.0,-0.25,-7.0,-2.37,-9.37,177 196 255
B2Ib,30.4,162000.0,27.1,22580.0,-0.25,-5.9,-2.37,-8.27,177 196 255
B2II,25.5,93600.0,17.7,24380.0,-0.27,-5.1,-2.58,-7.68,165 192 255
B2III,20.6,28300.0,9.71,24380.0,-0.27,-3.8,-2.58,-6.38,159 180 255
B2IV,15.8,19600.0,8.08,24380.0,-0.27,-3.4,-2.58,-5.98,159 179 255
B2V,10.9,9360.0,5.59,24380.0,-0.27,-2.6,-2.58,-5.18,160 180 255
B2VI,4.5,5390.0,4.24,24380.0,-0.27,-2.0,-2.58,-4.58,160 180 255
B3Ia0,35.1,1420000.0,89.5,21370.0,-0.24,-8.4,-2.23,-10.63,175 194 255
B3Ia,30.5,428000.0,49.2,21370.0,-0.24,-7.1,-2.23,-9.33,175 194 255
B3Ib,25.9,129000.0,27.0,21370.0,-0.24,-5.8,-2.23,-8.03,175 194 255
B3II,21.4,64500.0,17.1,22570.0,-0.25,-4.9,-2.37,-7.27,168 193 255
B3III,16.8,13500.0,7.82,22570.0,-0.25,-3.2,-2.37,-5.57,163 187 255
B3IV,12.2,9320.0,6.51,22570.0,-0.25,-2.8,-2.37,-5.17,166 188 255
B3V,7.6,4890.0,4.71,22570.0,-0.25,-2.1,-2.37,-4.47,165 185 255
B3VI,3.8,2570.0,3.41,22570.0,-0.25,-1.4,-2.37,-3.77,165 185 255
B4Ia0,30.1,1230000.0,93.7,20160.0,-0.23,-8.4,-2.07,-10.47,187 203 255
B4Ia,26.2,338000.0,49.2,20160.0,-0.23,-7.0,-2.07,-9.07,187 203 255
B4Ib,22.3,112000.0,28.3,20160.0,-0.23,-5.8,-2.07,-7.87,187 203 255
B4II,18.4,43700.0,16.7,20760.0,-0.24,-4.7,-2.15,-6.85,172 194 255
B4III,14.5,6930.0,6.63,20760.0,-0.24,-2.7,-2.15,-4.85,166 188 255
B4IV,10.6,4790.0,5.52,20760.0,-0.24,-2.3,-2.15,-4.45,169 190 255
B4V,6.7,2290.0,3.82,20760.0,-0.24,-1.5,-2.15,-3.65,164 184 255
B4VI,3.4,1320.0,2.89,20760.0,-0.24,-0.9,-2.15,-3.05,164 184 255
B5Ia0,25.1,965000.0,93.9,18950.0,-0.22,-8.3,-1.91,-10.21,179 202 255
B5Ia,21.9,291000.0,51.6,18950.0,-0.22,-7.0,-1.91,-8.91,179 202 255
B5Ib,18.7,88000.0,28.4,18950.0,-0.22,-5.7,-1.91,-7.61,179 202 255
B5II,15.5,29100.0,16.3,18950.0,-0.22,-4.5,-1.91,-6.41,175 195 255
B5III,12.3,3190.0,5.4,18950.0,-0.22,-2.1,-1.91,-4.01,168 189 255
B5IV,9.1,2210.0,4.5,18950.0,-0.22,-1.7,-1.91,-3.61,172 192 255
B5V,5.9,1160.0,3.26,18950.0,-0.22,-1.0,-1.91,-2.91,170 191 255
B5VI,2.9,667.0,2.47,18950.0,-0.22,-0.4,-1.91,-2.31,170 191 255
B6Ia0,23.2,758000.0,102.0,17140.0,-0.2,-8.3,-1.65,-9.95,191 207 255
B6Ia,20.2,229000.0,55.9,17140.0,-0.2,-7.0,-1.65,-8.65,191 207 255
B6Ib,17.2,63100.0,29.4,17140.0,-0.2,-5.6,-1.65,-7.25,191 207 255
B6II,14.2,17400.0,15.4,17140.0,-0.2,-4.2,-1.65,-5.85,177 196 255
B6III,11.2,1740.0,4.87,17140.0,-0.2,-1.7,-1.65,-3.35,170 190 255
B6IV,8.2,1200.0,4.05,17140.0,-0.2,-1.3,-1.65,-2.95,175 194 255
B6V,5.2,692.0,3.07,17140.0,-0.2,-0.7,-1.65,-2.35,172 189 255
B6VI,2.7,363.0,2.23,17140.0,-0.2,0.0,-1.65,-1.65,172 189 255
B7Ia0,21.4,533000.0,107.0,15330.0,-0.18,-8.2,-1.37,-9.57,195 209 255
B7Ia,18.6,193000.0,64.3,15330.0,-0.18,-7.1,-1.37,-8.47,195 209 255
B7Ib,15.8,44300.0,30.8,15330.0,-0.18,-5.5,-1.37,-6.87,195 209 255
B7II,12.9,11100.0,15.4,15330.0,-0.18,-4.0,-1.37,-5.37,179 198 255
B7III,10.1,1010.0,4.66,15330.0,-0.18,-1.4,-1.37,-2.77,171 191 255
B7IV,7.3,640.0,3.7,15330.0,-0.18,-0.9,-1.37,-2.27,170 189 255
B7V,4.5,404.0,2.94,15330.0,-0.18,-0.4,-1.37,-1.77,173 191 255
B7VI,2.5,193.0,2.03,15330.0,-0.18,0.4,-1.37,-0.97,173 191 255
B8Ia0,19.5,367000.0,114.0,13520.0,-0.15,-8.1,-1.06,-9.16,182 206 255
B8Ia,16.9,160000.0,75.2,13520.0,-0.15,-7.2,-1.06,-8.26,182 206 255
B8Ib,14.3,33400.0,34.4,13520.0,-0.15,-5.5,-1.06,-6.56,182 206 255
B8II,11.7,6990.0,15.7,13520.0,-0.15,-3.8,-1.06,-4.86,181 199 255
B8III,9.0,530.0,4.33,13520.0,-0.15,-1.0,-1.06,-2.06,175 193 255
B8IV,6.4,334.0,3.44,13520.0,-0.15,-0.5,-1.06,-1.56,175 193 255
B8V,3.8,211.0,2.73,13520.0,-0.15,0.0,-1.06,-1.06,177 195 255
B8VI,2.4,101.0,1.89,13520.0,-0.15,0.8,-1.06,-0.26,177 195 255
B9Ia0,17.7,273000.0,131.0,11710.0,-0.11,-8.1,-0.74,-8.84,204 216 255
B9Ia,15.3,131000.0,90.5,11710.0,-0.11,-7.3,-0.74,-8.04,204 216 255
B9Ib,12.9,22700.0,37.7,11710.0,-0.11,-5.4,-0.74,-6.14,204 216 255
B9II,10.5,4320.0,16.5,11710.0,-0.11,-3.6,-0.74,-4.34,182 201 255
B9III,8.1,299.0,4.33,11710.0,-0.11,-0.7,-0.74,-1.44,178 195 255
B9IV,5.7,172.0,3.29,11710.0,-0.11,-0.1,-0.74,-0.84,180 197 255
B9V,3.4,119.0,2.73,11710.0,-0.11,0.3,-0.74,-0.44,181 198 255
B9VI,2.1,52.0,1.81,11710.0,-0.11,1.2,-0.74,0.46,181 198 255
A0Ia0,15.8,186000.0,151.0,9900.0,-0.06,-8.0,-0.42,-8.42,187 206 255
A0Ia,13.7,107000.0,114.0,9900.0,-0.06,-7.4,-0.42,-7.82,187 206 255
A0Ib,11.5,15400.0,43.5,9900.0,-0.06,-5.3,-0.42,-5.72,187 206 255
A0II,9.4,2680.0,18.1,9900.0,-0.06,-3.4,-0.42,-3.82,184 202 255
A0III,7.2,154.0,4.35,9900.0,-0.06,-0.3,-0.42,-0.72,188 205 255
A0IV,5.1,88.8,3.3,9900.0,-0.06,0.3,-0.42,-0.12,179 197 255
A0V,2.9,67.4,2.88,9900.0,-0.06,0.6,-0.42,0.18,185 201 255
A0VI,1.9,26.8,1.81,9900.0,-0.06,1.6,-0.42,1.18,185 201 255
A1Ia0,15.2,198000.0,162.0,9707.0,-0.06,-8.1,-0.39,-8.49,214 223 255
A1Ia,13.1,114000.0,123.0,9707.0,-0.06,-7.5,-0.39,-7.89,214 223 255
A1Ib,11.0,15000.0,44.6,9707.0,-0.06,-5.3,-0.39,-5.69,214 223 255
A1II,8.9,2350.0,17.9,9650.0,-0.06,-3.3,-0.38,-3.68,186 204 255
A1III,6.9,124.0,4.1,9650.0,-0.06,-0.1,-0.38,-0.48,188 204 255
A1IV,4.8,71.1,3.11,9650.0,-0.06,0.5,-0.38,0.12,183 200 255
A1V,2.7,49.2,2.59,9650.0,-0.06,0.9,-0.38,0.52,181 199 255
A1VI,1.8,19.6,1.63,9650.0,-0.06,1.9,-0.38,1.52,181 199 255
A2Ia0,14.5,210000.0,174.0,9513.0,-0.05,-8.2,-0.36,-8.56,199 214 255
A2Ia,12.5,121000.0,132.0,9513.0,-0.05,-7.6,-0.36,-7.96,199 214 255
A2Ib,10.5,13300.0,43.7,9513.0,-0.05,-5.2,-0.36,-5.56,199 214 255
A2II,8.5,2070.0,17.7,9400.0,-0.05,-3.2,-0.34,-3.54,188 205 255
A2III,6.5,99.0,3.87,9400.0,-0.05,0.1,-0.34,-0.24,189 204 255
A2IV,4.5,57.0,2.93,9400.0,-0.05,0.7,-0.34,0.36,186 202 255
A2V,2.5,39.4,2.44,9400.0,-0.05,1.1,-0.34,0.76,187 203 255
A2VI,1.8,15.7,1.54,9400.0,-0.05,2.1,-0.34,1.76,187 203 255
A3Ia0,13.9,224000.0,187.0,9320.0,-0.05,-8.3,-0.33,-8.63,207 219 255
A3Ia,12.0,129000.0,142.0,9320.0,-0.05,-7.7,-0.33,-8.03,207 219 255
A3Ib,10.0,12900.0,44.9,9320.0,-0.05,-5.2,-0.33,-5.53,207 219 255
A3II,8.1,1660.0,16.7,9150.0,-0.04,-3.0,-0.3,-3.3,190 207 255
A3III,6.2,87.1,3.83,9150.0,-0.04,0.2,-0.3,-0.1,189 203 255
A3IV,4.3,41.7,2.65,9150.0,-0.04,1.0,-0.3,0.7,190 205 255
A3V,2.4,28.9,2.2,9150.0,-0.04,1.4,-0.3,1.1,191 207 255
A3VI,1.8,11.5,1.39,9150.0,-0.04,2.4,-0.3,2.1,191 207 255
A4Ia0,13.2,239000.0,202.0,9127.0,-0.04,-8.4,-0.3,-8.7,215 224 255
A4Ia,11.4,138000.0,153.0,9127.0,-0.04,-7.8,-0.3,-8.1,215 224 255
A4Ib,9.5,11400.0,44.1,9127.0,-0.04,-5.1,-0.3,-5.4,215 224 255
A4II,7.7,1460.0,16.6,8900.0,0.0,-2.9,-0.26,-3.16,192 208 255
A4III,5.8,70.0,3.63,8900.0,0.0,0.4,-0.26,0.14,196 209 255
A4IV,4.0,33.5,2.51,8900.0,0.0,1.2,-0.26,0.94,195 210 255
A4V,2.1,23.2,2.09,8900.0,0.0,1.6,-0.26,1.34,197 211 255
A4VI,1.7,9.23,1.32,8900.0,0.0,2.6,-0.26,2.34,197 211 255
A5Ia0,12.6,255000.0,217.0,8933.0,-0.0,-8.5,-0.27,-8.77,223 229 255
A5Ia,10.8,161000.0,173.0,8933.0,-0.0,-8.0,-0.27,-8.27,223 229 255
A5Ib,9.0,11100.0,45.4,8933.0,-0.0,-5.1,-0.27,-5.37,223 229 255
A5II,7.2,1290.0,16.5,8650.0,0.05,-2.8,-0.23,-3.03,194 210 255
A5III,5.4,56.4,3.45,8650.0,0.05,0.6,-0.23,0.37,202 215 255
A5IV,3.7,27.0,2.38,8650.0,0.05,1.4,-0.23,1.17,212 220 255
A5V,1.9,17.0,1.89,8650.0,0.05,1.9,-0.23,1.67,202 215 255
A5VI,1.6,6.78,1.2,8650.0,0.05,2.9,-0.23,2.67,202 215 255
A6Ia0,12.6,249000.0,224.0,8740.0,0.03,-8.5,-0.24,-8.74,219 226 255
A6Ia,10.8,189000.0,195.0,8740.0,0.03,-8.2,-0.24,-8.44,219 226 255
A6Ib,9.0,10900.0,46.9,8740.0,0.03,-5.1,-0.24,-5.34,219 226 255
A6II,7.2,1140.0,16.5,8400.0,0.09,-2.7,-0.2,-2.9,196 211 255
A6III,5.4,45.5,3.28,8400.0,0.09,0.8,-0.2,0.6,209 219 255
A6IV,3.6,21.8,2.27,8400.0,0.09,1.6,-0.2,1.4,202 214 255
A6V,1.8,15.1,1.89,8400.0,0.09,2.0,-0.2,1.8,199 212 255
A6VI,1.6,5.47,1.14,8400.0,0.09,3.1,-0.2,2.9,199 212 255
A7Ia0,12.6,267000.0,243.0,8547.0,0.07,-8.6,-0.21,-8.81,215 223 255
A7Ia,10.8,222000.0,221.0,8547.0,0.07,-8.4,-0.21,-8.61,215 223 255
A7Ib,9.0,10600.0,48.4,8547.0,0.07,-5.1,-0.21,-5.31,215 223 255
A7II,7.2,1110.0,17.2,8150.0,0.14,-2.7,-0.17,-2.87,197 213 255
A7III,5.4,36.8,3.14,8150.0,0.14,1.0,-0.17,0.83,210 219 255
A7IV,3.6,19.3,2.27,8150.0,0.14,1.7,-0.17,1.53,192 207 255
A7V,1.8,12.2,1.81,8150.0,0.14,2.2,-0.17,2.03,200 213 255
A7VI,1.5,4.43,1.09,8150.0,0.14,3.3,-0.17,3.13,200 213 255
A8Ia0,12.6,260000.0,251.0,8353.0,0.1,-8.6,-0.19,-8.79,210 221 255
A8Ia,10.8,238000.0,240.0,8353.0,0.1,-8.5,-0.19,-8.69,210 221 255
A8Ib,9.0,10400.0,50.1,8353.0,0.1,-5.1,-0.19,-5.29,210 221 255
A8II,7.2,990.0,17.3,7900.0,0.19,-2.6,-0.14,-2.74,199 214 255
A8III,5.4,32.8,3.15,7900.0,0.19,1.1,-0.14,0.96,209 219 255
A8IV,3.6,15.7,2.18,7900.0,0.19,1.9,-0.14,1.76,208 217 255
A8V,1.8,10.9,1.81,7900.0,0.19,2.3,-0.14,2.16,213 222 255
A8VI,1.5,3.59,1.04,7900.0,0.19,3.5,-0.14,3.36,213 222 255
A9Ia0,12.6,280000.0,273.0,8160.0,0.14,-8.7,-0.17,-8.87,206 218 255
A9Ia,10.8,233000.0,249.0,8160.0,0.14,-8.5,-0.17,-8.67,206 218 255
A9Ib,9.0,10200.0,52.0,8160.0,0.14,-5.1,-0.17,-5.27,206 218 255
A9II,7.1,970.0,18.3,7650.0,0.24,-2.6,-0.12,-2.72,201 216 255
A9III,5.3,26.7,3.03,7650.0,0.24,1.3,-0.12,1.18,209 219 255
A9IV,3.5,14.0,2.2,7650.0,0.24,2.0,-0.12,1.88,224 227 255
A9V,1.7,8.85,1.75,7650.0,0.24,2.5,-0.12,2.38,219 224 255
A9VI,1.4,2.93,1.0,7650.0,0.24,3.7,-0.12,3.58,219 224 255
F0Ia0,12.6,274000.0,283.0,7967.0,0.18,-8.7,-0.15,-8.85,202 215 255
F0Ia,10.8,228000.0,258.0,7967.0,0.18,-8.5,-0.15,-8.65,202 215 255
F0Ib,8.9,9960.0,54.0,7967.0,0.18,-5.1,-0.15,-5.25,202 215 255
F0II,7.1,870.0,18.5,7400.0,0.3,-2.5,-0.1,-2.6,203 217 255
F0III,5.3,21.9,2.93,7400.0,0.3,1.5,-0.1,1.4,213 222 255
F0IV,3.4,11.5,2.12,7400.0,0.3,2.2,-0.1,2.1,218 224 255
F0V,1.6,7.94,1.77,7400.0,0.3,2.6,-0.1,2.5,224 229 255
F0VI,1.4,2.4,0.971,7400.0,0.3,3.9,-0.1,3.8,224 229 255
F1Ia0,12.1,296000.0,309.0,7773.0,0.22,-8.8,-0.13,-8.93,223 229 255
F1Ia,10.3,224000.0,269.0,7773.0,0.22,-8.5,-0.13,-8.63,223 229 255
F1Ib,8.6,9790.0,56.2,7773.0,0.22,-5.1,-0.13,-5.23,223 229 255
F1II,6.8,865.0,19.2,7260.0,0.33,-2.5,-0.09,-2.59,216 225 255
F1III,5.1,21.7,3.04,7260.0,0.33,1.5,-0.09,1.41,227 232 255
F1IV,3.3,12.5,2.3,7260.0,0.33,2.1,-0.09,2.01,223 227 255
F1V,1.6,6.56,1.67,7260.0,0.33,2.8,-0.09,2.71,230 234 255
F1VI,1.3,1.98,0.917,7260.0,0.33,4.1,-0.09,4.01,230 234 255
F2Ia0,11.6,291000.0,323.0,7580.0,0.26,-8.8,-0.11,-8.91,244 243 255
F2Ia,9.9,202000.0,268.0,7580.0,0.26,-8.4,-0.11,-8.51,244 243 255
F2Ib,8.2,8800.0,56.1,7580.0,0.26,-5.0,-0.11,-5.11,244 243 255
F2II,6.5,860.0,19.9,7120.0,0.36,-2.5,-0.09,-2.59,229 233 255
F2III,4.9,19.7,3.01,7120.0,0.36,1.6,-0.09,1.51,241 241 255
F2IV,3.2,14.9,2.62,7120.0,0.36,1.9,-0.09,1.81,227 230 255
F2V,1.5,5.95,1.65,7120.0,0.36,2.9,-0.09,2.81,236 239 255
F2VI,1.3,1.64,0.867,7120.0,0.36,4.3,-0.09,4.21,236 239 255
F3Ia0,11.0,316000.0,354.0,7387.0,0.3,-8.9,-0.1,-9.0,236 237 255
F3Ia,9.4,199000.0,281.0,7387.0,0.3,-8.4,-0.1,-8.5,236 237 255
F3Ib,7.9,8700.0,58.7,7387.0,0.3,-5.0,-0.1,-5.1,236 237 255
F3II,6.3,782.0,19.7,6980.0,0.39,-2.4,-0.08,-2.48,235 237 255
F3III,4.7,19.6,3.12,6980.0,0.39,1.6,-0.08,1.52,241 241 255
F3IV,3.1,16.3,2.85,6980.0,0.39,1.8,-0.08,1.72,227 230 255
F3V,1.5,4.94,1.57,6980.0,0.39,3.1,-0.08,3.02,230 233 255
F3VI,1.2,1.49,0.86,6980.0,0.39,4.4,-0.08,4.32,230 233 255
F4Ia0,10.5,343000.0,389.0,7193.0,0.34,-9.0,-0.09,-9.09,227 231 255
F4Ia,9.0,180000.0,282.0,7193.0,0.34,-8.3,-0.09,-8.39,227 231 255
F4Ib,7.5,7860.0,58.9,7193.0,0.34,-4.9,-0.09,-4.99,227 231 255
F4II,6.0,781.0,20.5,6840.0,0.42,-2.4,-0.08,-2.48,241 241 255
F4III,4.5,19.6,3.25,6840.0,0.42,1.6,-0.08,1.52,241 240 255
F4IV,3.0,19.6,3.25,6840.0,0.42,1.6,-0.08,1.52,234 235 255
F4V,1.4,4.5,1.56,6840.0,0.42,3.2,-0.08,3.12,224 226 255
F4VI,1.1,1.24,0.817,6840.0,0.42,4.6,-0.08,4.52,224 226 255
F5Ia0,10.0,374000.0,429.0,7000.0,0.39,-9.1,-0.08,-9.18,219 225 255
F5Ia,8.6,163000.0,283.0,7000.0,0.39,-8.2,-0.08,-8.28,219 225 255
F5Ib,7.1,7820.0,62.0,7000.0,0.39,-4.9,-0.08,-4.98,219 225 255
F5II,5.7,783.0,21.4,6700.0,0.46,-2.4,-0.08,-2.48,247 242 255
F5III,4.3,21.6,3.55,6700.0,0.46,1.5,-0.08,1.42,242 240 255
F5IV,2.8,21.6,3.55,6700.0,0.46,1.5,-0.08,1.42,241 239 255
F5V,1.4,3.75,1.48,6700.0,0.46,3.4,-0.08,3.32,248 247 255
F5VI,1.1,1.03,0.777,6700.0,0.46,4.8,-0.08,4.72,248 247 255
F6Ia0,10.0,374000.0,460.0,6760.0,0.44,-9.1,-0.08,-9.18,255 234 252
F6Ia,8.6,149000.0,290.0,6760.0,0.44,-8.1,-0.08,-8.18,255 234 252
F6Ib,7.1,7820.0,66.4,6760.0,0.44,-4.9,-0.08,-4.98,255 234 252
F6II,5.7,786.0,22.4,6560.0,0.49,-2.4,-0.09,-2.49,253 249 255
F6III,4.2,23.7,3.89,6560.0,0.49,1.4,-0.09,1.31,241 240 255
F6IV,2.8,16.4,3.23,6560.0,0.49,1.8,-0.09,1.71,241 239 255
F6V,1.3,3.13,1.41,6560.0,0.49,3.6,-0.09,3.51,244 241 255
F6VI,1.0,0.862,0.741,6560.0,0.49,5.0,-0.09,4.91,244 241 255
F7Ia0,10.0,413000.0,519.0,6520.0,0.5,-9.2,-0.09,-9.29,255 243 250
F7Ia,8.5,137000.0,299.0,6520.0,0.5,-8.0,-0.09,-8.09,255 243 250
F7Ib,7.1,7180.0,68.4,6520.0,0.5,-4.8,-0.09,-4.89,255 243 250
F7II,5.6,791.0,23.4,6420.0,0.52,-2.4,-0.1,-2.5,255 250 251
F7III,4.2,26.2,4.26,6420.0,0.52,1.3,-0.1,1.2,241 240 255
F7IV,2.7,12.5,2.95,6420.0,0.52,2.1,-0.1,2.0,240 239 255
F7V,1.3,2.62,1.35,6420.0,0.52,3.8,-0.1,3.7,246 243 255
F7VI,1.0,0.791,0.741,6420.0,0.52,5.1,-0.1,5.0,246 243 255
F8Ia0,10.0,419000.0,564.0,6280.0,0.56,-9.2,-0.11,-9.31,255 252 247
F8Ia,8.5,127000.0,310.0,6280.0,0.56,-7.9,-0.11,-8.01,255 252 247
F8Ib,7.1,7290.0,74.3,6280.0,0.56,-4.8,-0.11,-4.91,255 252 247
F8II,5.6,729.0,23.5,6280.0,0.56,-2.3,-0.11,-2.41,255 248 245
F8III,4.1,29.0,4.69,6280.0,0.56,1.2,-0.11,1.09,252 248 255
F8IV,2.7,10.5,2.83,6280.0,0.56,2.3,-0.11,2.19,255 252 253
F8V,1.2,2.41,1.35,6280.0,0.56,3.9,-0.11,3.79,255 247 252
F8VI,1.0,0.665,0.71,6280.0,0.56,5.3,-0.11,5.19,255 247 252
F9Ia0,10.0,473000.0,654.0,6011.0,0.63,-9.3,-0.14,-9.44,255 246 233
F9Ia,8.5,130000.0,343.0,6011.0,0.63,-7.9,-0.14,-8.04,255 246 233
F9Ib,7.0,6840.0,78.6,6011.0,0.63,-4.7,-0.14,-4.84,255 246 233
F9II,5.6,739.0,24.8,6140.0,0.6,-2.3,-0.12,-2.42,255 246 239
F9III,4.1,32.2,5.17,6140.0,0.6,1.1,-0.12,0.98,255 246 245
F9IV,2.6,8.1,2.59,6140.0,0.6,2.6,-0.12,2.48,255 250 249
F9V,1.1,2.03,1.3,6140.0,0.6,4.1,-0.12,3.98,255 247 252
F9VI,0.9,0.614,0.714,6140.0,0.6,5.4,-0.12,5.28,255 247 252
G0Ia0,10.0,495000.0,732.0,5743.0,0.7,-9.3,-0.19,-9.49,255 239 219
G0Ia,6.3,124000.0,367.0,5743.0,0.7,-7.8,-0.19,-7.99,255 239 219
G0Ib,2.5,7150.0,88.1,5743.0,0.7,-4.7,-0.19,-4.89,255 239 219
G0II,2.1,784.0,29.2,5743.0,0.7,-2.3,-0.19,-2.49,255 244 233
G0III,1.8,37.5,6.38,5743.0,0.7,1.0,-0.19,0.81,255 242 233
G0IV,1.4,6.25,2.38,6000.0,0.63,2.9,-0.14,2.76,255 248 245
G0V,1.1,1.72,1.25,6000.0,0.63,4.3,-0.14,4.16,255 248 252
G0VI,0.9,0.52,0.688,6000.0,0.63,5.6,-0.14,5.46,255 248 252
G1Ia0,10.5,527000.0,832.0,5474.0,0.78,-9.3,-0.25,-9.55,255 238 212
G1Ia,6.6,132000.0,417.0,5474.0,0.78,-7.8,-0.25,-8.05,255 238 212
G1Ib,2.6,7620.0,100.0,5474.0,0.78,-4.7,-0.25,-4.95,255 238 212
G1II,2.2,835.0,33.1,5474.0,0.78,-2.3,-0.25,-2.55,255 243 227
G1III,1.8,43.8,7.59,5474.0,0.78,0.9,-0.25,0.65,255 243 233
G1IV,1.4,6.35,2.5,5890.0,0.66,2.9,-0.16,2.74,255 246 244
G1V,1.0,1.46,1.19,5890.0,0.66,4.5,-0.16,4.34,255 247 248
G1VI,0.9,0.44,0.656,5890.0,0.66,5.8,-0.16,5.64,255 247 248
G2Ia0,11.0,573000.0,959.0,5206.0,0.86,-9.3,-0.35,-9.65,255 236 205
G2Ia,6.9,131000.0,459.0,5206.0,0.86,-7.7,-0.35,-8.05,255 236 205
G2Ib,2.8,8290.0,115.0,5206.0,0.86,-4.7,-0.35,-5.05,255 236 205
G2II,2.3,909.0,38.2,5206.0,0.86,-2.3,-0.35,-2.65,255 241 221
G2III,1.9,52.3,9.16,5206.0,0.86,0.8,-0.35,0.45,255 243 233
G2IV,1.4,6.48,2.62,5780.0,0.69,2.9,-0.18,2.72,255 244 242
G2V,1.0,1.23,1.14,5780.0,0.69,4.7,-0.18,4.52,255 245 242
G2VI,0.9,0.373,0.628,5780.0,0.69,6.0,-0.18,5.82,255 245 242
G3Ia0,11.5,703000.0,1180.0,4937.0,0.94,-9.4,-0.47,-9.87,255 231 203
G3Ia,7.2,147000.0,540.0,4937.0,0.94,-7.7,-0.47,-8.17,255 231 203
G3Ib,2.9,8460.0,130.0,4937.0,0.94,-4.6,-0.47,-5.07,255 231 203
G3II,2.4,1110.0,47.0,4937.0,0.94,-2.4,-0.47,-2.87,255 239 215
G3III,1.9,70.3,11.8,4937.0,0.94,0.6,-0.47,0.13,255 243 233
G3IV,1.5,6.04,2.63,5670.0,0.72,3.0,-0.2,2.8,255 238 226
G3V,1.0,1.15,1.15,5670.0,0.72,4.8,-0.2,4.6,255 243 236
G3VI,0.8,0.348,0.63,5670.0,0.72,6.1,-0.2,5.9,255 243 236
G4Ia0,12.0,813000.0,1420.0,4669.0,1.03,-9.4,-0.62,-10.02,255 231 193
G4Ia,7.5,170000.0,649.0,4669.0,1.03,-7.7,-0.62,-8.32,255 231 193
G4Ib,3.0,9770.0,156.0,4669.0,1.03,-4.6,-0.62,-5.22,255 231 193
G4II,2.5,1290.0,56.5,4669.0,1.03,-2.4,-0.62,-3.02,255 237 209
G4III,2.0,89.1,14.9,4669.0,1.03,0.5,-0.62,-0.12,255 243 233
G4IV,1.5,6.2,2.76,5560.0,0.75,3.0,-0.23,2.77,255 245 238
G4V,0.9,0.982,1.1,5560.0,0.75,5.0,-0.23,4.77,255 241 229
G4VI,0.8,0.297,0.605,5560.0,0.75,6.3,-0.23,6.07,255 241 229
G5Ia0,12.5,1070000.0,1840.0,4400.0,1.13,-9.5,-0.83,-10.33,255 230 183
G5Ia,7.8,186000.0,766.0,4400.0,1.13,-7.6,-0.83,-8.43,255 230 183
G5Ib,3.2,11800.0,192.0,4400.0,1.13,-4.6,-0.83,-5.43,255 230 183
G5II,2.6,1550.0,69.9,4400.0,1.13,-2.4,-0.83,-3.23,255 235 203
G5III,2.0,118.0,19.2,4400.0,1.13,0.4,-0.83,-0.43,255 236 211
G5IV,1.5,6.38,2.92,5450.0,0.79,3.0,-0.26,2.74,255 235 213
G5V,0.9,0.841,1.06,5450.0,0.79,5.2,-0.26,4.94,255 244 234
G5VI,0.8,0.254,0.583,5450.0,0.79,6.5,-0.26,6.24,255 244 234
G6Ia0,12.5,1120000.0,1930.0,4343.0,1.15,-9.5,-0.88,-10.38,255 227 178
G6Ia,7.9,195000.0,804.0,4343.0,1.15,-7.6,-0.88,-8.48,255 227 178
G6Ib,3.3,12300.0,202.0,4343.0,1.15,-4.6,-0.88,-5.48,255 227 178
G6II,2.7,1620.0,73.3,4343.0,1.15,-2.4,-0.88,-3.28,255 233 198
G6III,2.1,123.0,20.2,4343.0,1.15,0.4,-0.88,-0.48,255 236 215
G6IV,1.5,6.59,3.09,5340.0,0.82,3.0,-0.3,2.7,255 242 234
G6V,0.9,0.792,1.07,5340.0,0.82,5.3,-0.3,5.0,255 244 235
G6VI,0.8,0.218,0.562,5340.0,0.82,6.7,-0.3,6.4,255 244 235
G7Ia0,12.5,1180000.0,2030.0,4286.0,1.17,-9.5,-0.93,-10.43,255 223 172
G7Ia,8.0,205000.0,846.0,4286.0,1.17,-7.6,-0.93,-8.53,255 223 172
G7Ib,3.5,12900.0,212.0,4286.0,1.17,-4.6,-0.93,-5.53,255 223 172
G7II,2.8,1700.0,77.1,4286.0,1.17,-2.4,-0.93,-3.33,255 231 194
G7III,2.2,129.0,21.2,4286.0,1.17,0.4,-0.93,-0.53,255 234 207
G7IV,1.5,6.84,3.28,5230.0,0.85,3.0,-0.34,2.66,255 231 205
G7V,0.9,0.684,1.04,5230.0,0.85,5.5,-0.34,5.16,255 244 235
G7VI,0.7,0.206,0.57,5230.0,0.85,6.8,-0.34,6.46,255 244 235
G8Ia0,12.5,1130000.0,2040.0,4229.0,1.19,-9.4,-0.98,-10.38,255 220 167
G8Ia,8.1,196000.0,851.0,4229.0,1.19,-7.5,-0.98,-8.48,255 220 167
G8Ib,3.6,14900.0,234.0,4229.0,1.19,-4.7,-0.98,-5.68,255 220 167
G8II,2.9,1960.0,85.1,4229.0,1.19,-2.5,-0.98,-3.48,255 229 189
G8III,2.2,124.0,21.4,4229.0,1.19,0.5,-0.98,-0.48,255 231 199
G8IV,1.5,6.5,3.34,5120.0,0.89,3.1,-0.38,2.72,255 233 211
G8V,0.8,0.65,1.06,5120.0,0.89,5.6,-0.38,5.22,255 237 222
G8VI,0.7,0.179,0.554,5120.0,0.89,7.0,-0.38,6.62,255 237 222
G9Ia0,12.5,1190000.0,2160.0,4171.0,1.21,-9.4,-1.04,-10.44,255 221 174
G9Ia,8.1,207000.0,898.0,4171.0,1.21,-7.5,-1.04,-8.54,255 221 174
G9Ib,3.8,15700.0,247.0,4171.0,1.21,-4.7,-1.04,-5.74,255 221 174
G9II,3.0,2070.0,89.8,4171.0,1.21,-2.5,-1.04,-3.54,255 227 184
G9III,2.3,131.0,22.6,4171.0,1.21,0.5,-1.04,-0.54,255 231 196
G9IV,1.6,6.8,3.57,5010.0,0.92,3.1,-0.43,2.67,255 229 200
G9V,0.8,0.566,1.03,5010.0,0.92,5.8,-0.43,5.37,255 239 221
G9VI,0.7,0.171,0.566,5010.0,0.92,7.1,-0.43,6.67,255 239 221
K0Ia0,12.5,1260000.0,2280.0,4114.0,1.24,-9.4,-1.1,-10.5,255 221 181
K0Ia,8.2,219000.0,950.0,4114.0,1.24,-7.5,-1.1,-8.6,255 221 181
K0Ib,3.9,16600.0,262.0,4114.0,1.24,-4.7,-1.1,-5.8,255 221 181
K0II,3.1,2190.0,95.0,4114.0,1.24,-2.5,-1.1,-3.6,255 226 180
K0III,2.3,138.0,23.9,4114.0,1.24,0.5,-1.1,-0.6,255 227 190
K0IV,1.6,7.16,3.83,4900.0,0.96,3.1,-0.49,2.61,255 225 189
K0V,0.8,0.543,1.05,4900.0,0.96,5.9,-0.49,5.41,255 238 221
K0VI,0.7,0.15,0.553,4900.0,0.96,7.3,-0.49,6.81,255 238 221
K1Ia0,12.5,1220000.0,2300.0,4057.0,1.26,-9.3,-1.17,-10.47,255 220 177
K1Ia,8.3,212000.0,960.0,4057.0,1.26,-7.4,-1.17,-8.57,255 220 177
K1Ib,4.1,17600.0,277.0,4057.0,1.26,-4.7,-1.17,-5.87,255 220 177
K1II,3.3,2320.0,101.0,4057.0,1.26,-2.5,-1.17,-3.67,255 224 175
K1III,2.4,161.0,26.4,4057.0,1.26,0.4,-1.17,-0.77,255 223 181
K1IV,1.6,7.71,4.21,4760.0,1.0,3.1,-0.57,2.53,255 216 171
K1V,0.8,0.443,1.01,4760.0,1.0,6.2,-0.57,5.63,255 224 188
K1VI,0.6,0.134,0.555,4760.0,1.0,7.5,-0.57,6.93,255 224 188
K2Ia0,13.3,1300000.0,2440.0,4000.0,1.28,-9.3,-1.23,-10.53,255 211 135
K2Ia,8.8,225000.0,1020.0,4000.0,1.28,-7.4,-1.23,-8.63,255 211 135
K2Ib,4.3,20600.0,308.0,4000.0,1.28,-4.8,-1.23,-6.03,255 211 135
K2II,3.4,2470.0,107.0,4000.0,1.28,-2.5,-1.23,-3.73,255 222 170
K2III,2.5,206.0,30.8,4000.0,1.28,0.2,-1.23,-1.03,255 221 175
K2IV,1.6,8.38,4.66,4620.0,1.05,3.1,-0.66,2.44,255 229 202
K2V,0.7,0.401,1.02,4620.0,1.05,6.4,-0.66,5.74,255 227 196
K2VI,0.6,0.121,0.56,4620.0,1.05,7.7,-0.66,7.04,255 227 196
K3Ia0,14.2,1460000.0,2720.0,3900.0,1.32,-9.3,-1.36,-10.66,255 204 128
K3Ia,9.4,253000.0,1140.0,3900.0,1.32,-7.4,-1.36,-8.76,255 204 128
K3Ib,4.6,25300.0,359.0,3900.0,1.32,-4.9,-1.36,-6.26,255 204 128
K3II,3.6,2770.0,119.0,3900.0,1.32,-2.5,-1.36,-3.86,255 220 166
K3III,2.6,253.0,35.9,3900.0,1.32,0.1,-1.36,-1.26,255 216 167
K3IV,1.7,9.22,5.19,4480.0,1.1,3.1,-0.76,2.34,255 219 167
K3V,0.7,0.335,0.99,4480.0,1.1,6.7,-0.76,5.94,255 222 195
K3VI,0.6,0.101,0.544,4480.0,1.1,8.0,-0.76,7.24,255 222 195
K4Ia0,15.0,1650000.0,3060.0,3800.0,1.36,-9.3,-1.5,-10.8,255 201 118
K4Ia,9.9,262000.0,1220.0,3800.0,1.36,-7.3,-1.5,-8.8,255 201 118
K4Ib,4.8,31500.0,422.0,3800.0,1.36,-5.0,-1.5,-6.5,255 201 118
K4II,3.8,3150.0,133.0,3800.0,1.36,-2.5,-1.5,-4.0,255 218 161
K4III,2.7,345.0,44.2,3800.0,1.36,-0.1,-1.5,-1.6,255 211 146
K4IV,1.7,10.3,5.84,4340.0,1.15,3.1,-0.88,2.22,255 218 166
K4V,0.7,0.31,1.02,4340.0,1.15,6.9,-0.88,6.02,255 216 181
K4VI,0.5,0.0936,0.558,4340.0,1.15,8.2,-0.88,7.32,255 216 181
K5Ia0,15.8,1900000.0,3460.0,3700.0,1.41,-9.3,-1.65,-10.95,255 209 154
K5Ia,10.4,301000.0,1380.0,3700.0,1.41,-7.3,-1.65,-8.95,255 209 154
K5Ib,5.0,39600.0,499.0,3700.0,1.41,-5.1,-1.65,-6.75,255 209 154
K5II,3.9,3620.0,151.0,3700.0,1.41,-2.5,-1.65,-4.15,255 216 156
K5III,2.8,435.0,52.3,3700.0,1.41,-0.2,-1.65,-1.85,255 204 138
K5IV,1.8,10.6,6.33,4200.0,1.2,3.2,-1.01,2.19,255 217 165
K5V,0.7,0.266,1.0,4200.0,1.2,7.2,-1.01,6.19,255 210 161
K5VI,0.5,0.088,0.578,4200.0,1.2,8.4,-1.01,7.39,255 210 161
K6Ia0,15.8,1850000.0,3380.0,3717.0,1.4,-9.3,-1.62,-10.92,255 208 152
K6Ia,10.6,294000.0,1350.0,3717.0,1.4,-7.3,-1.62,-8.92,255 208 152
K6Ib,5.3,42400.0,512.0,3717.0,1.4,-5.2,-1.62,-6.82,255 208 152
K6II,4.2,3530.0,148.0,3717.0,1.4,-2.5,-1.62,-4.12,255 214 152
K6III,3.0,465.0,53.6,3717.0,1.4,-0.3,-1.62,-1.92,255 206 140
K6IV,1.8,12.2,7.26,4060.0,1.26,3.2,-1.16,2.04,255 216 164
K6V,0.6,0.211,0.957,4060.0,1.26,7.6,-1.16,6.44,255 205 152
K6VI,0.5,0.0767,0.577,4060.0,1.26,8.7,-1.16,7.54,255 205 152
K7Ia0,15.8,1810000.0,3320.0,3733.0,1.39,-9.3,-1.59,-10.89,255 207 150
K7Ia,10.7,262000.0,1260.0,3733.0,1.39,-7.2,-1.59,-8.79,255 207 150
K7Ib,5.7,45500.0,526.0,3733.0,1.39,-5.3,-1.59,-6.89,255 207 150
K7II,4.4,3450.0,145.0,3733.0,1.39,-2.5,-1.59,-4.09,255 212 147
K7III,3.1,499.0,55.0,3733.0,1.39,-0.4,-1.59,-1.99,255 208 142
K7IV,1.9,14.2,8.43,3920.0,1.31,3.2,-1.33,1.87,255 216 163
K7V,0.6,0.187,0.967,3920.0,1.31,7.9,-1.33,6.57,255 199 142
K7VI,0.4,0.068,0.583,3920.0,1.31,9.0,-1.33,7.67,255 199 142
K8Ia0,15.8,1770000.0,3250.0,3750.0,1.38,-9.3,-1.57,-10.87,255 206 147
K8Ia,10.9,256000.0,1230.0,3750.0,1.38,-7.2,-1.57,-8.77,255 206 147
K8Ib,6.0,44400.0,515.0,3750.0,1.38,-5.3,-1.57,-6.87,255 206 147
K8II,4.6,3690.0,148.0,3750.0,1.38,-2.6,-1.57,-4.17,255 210 142
K8III,3.3,534.0,56.4,3750.0,1.38,-0.5,-1.57,-2.07,255 206 139
K8IV,1.9,17.0,9.9,3780.0,1.37,3.2,-1.52,1.68,255 215 162
K8V,0.6,0.155,0.946,3780.0,1.37,8.3,-1.52,6.78,255 209 174
K8VI,0.3,0.0562,0.57,3780.0,1.37,9.4,-1.52,7.88,255 209 174
K9Ia0,15.8,1830000.0,3350.0,3725.0,1.39,-9.3,-1.61,-10.91,255 205 145
K9Ia,11.1,265000.0,1270.0,3725.0,1.39,-7.2,-1.61,-8.81,255 205 145
K9Ib,6.3,50400.0,556.0,3725.0,1.39,-5.4,-1.61,-7.01,255 205 145
K9II,4.9,3830.0,153.0,3725.0,1.39,-2.6,-1.61,-4.21,255 209 138
K9III,3.4,606.0,60.9,3725.0,1.39,-0.6,-1.61,-2.21,255 205 135
K9IV,2.0,20.7,11.8,3640.0,1.43,3.2,-1.74,1.46,255 214 161
K9V,0.5,0.144,0.982,3640.0,1.43,8.6,-1.74,6.86,255 202 157
K9VI,0.3,0.0433,0.54,3640.0,1.43,9.9,-1.74,8.16,255 202 157
M0Ia0,15.8,1900000.0,3460.0,3700.0,1.41,-9.3,-1.65,-10.95,255 204 143
M0Ia,13.3,274000.0,1310.0,3700.0,1.41,-7.2,-1.65,-8.85,255 204 143
M0Ib,10.7,57300.0,600.0,3700.0,1.41,-5.5,-1.65,-7.15,255 204 143
M0II,8.2,3960.0,158.0,3700.0,1.41,-2.6,-1.65,-4.25,255 207 133
M0III,5.6,689.0,65.8,3700.0,1.41,-0.7,-1.65,-2.35,255 203 132
M0IV,3.1,26.0,14.3,3500.0,1.49,3.2,-1.99,1.21,255 213 160
M0V,0.5,0.125,0.99,3500.0,1.49,9.0,-1.99,7.01,255 195 139
M0VI,0.2,0.0376,0.544,3500.0,1.49,10.3,-1.99,8.31,255 195 139
M1Ia0,15.1,2560000.0,4460.0,3510.0,1.49,-9.3,-1.97,-11.27,255 202 138
M1Ia,12.7,337000.0,1620.0,3510.0,1.49,-7.1,-1.97,-9.07,255 202 138
M1Ib,10.2,77300.0,775.0,3510.0,1.49,-5.5,-1.97,-7.47,255 202 138
M1II,7.8,5860.0,213.0,3510.0,1.49,-2.7,-1.97,-4.67,255 205 128
M1III,5.3,929.0,85.0,3510.0,1.49,-0.7,-1.97,-2.67,255 200 121
M1IV,2.9,35.5,18.4,3333.0,1.57,3.2,-2.33,0.87,255 212 159
M1V,0.5,0.0618,0.768,3333.0,1.57,10.1,-2.33,7.77,255 204 142
M1VI,0.2,0.0186,0.422,3333.0,1.57,11.4,-2.33,9.07,255 204 142
M2Ia0,14.5,3650000.0,5950.0,3320.0,1.58,-9.3,-2.36,-11.66,255 193 104
M2Ia,12.1,481000.0,2160.0,3320.0,1.58,-7.1,-2.36,-9.46,255 193 104
M2Ib,9.8,110000.0,1030.0,3320.0,1.58,-5.5,-2.36,-7.86,255 193 104
M2II,7.4,8360.0,285.0,3320.0,1.58,-2.7,-2.36,-5.06,255 203 124
M2III,5.1,1210.0,108.0,3320.0,1.58,-0.6,-2.36,-2.96,255 198 118
M2IV,2.7,50.9,24.4,3167.0,1.65,3.2,-2.72,0.48,255 211 157
M2V,0.4,0.0321,0.614,3167.0,1.65,11.2,-2.72,8.48,255 196 131
M2VI,0.2,0.00885,0.322,3167.0,1.65,12.6,-2.72,9.88,255 196 131
M3Ia0,13.8,5070000.0,7890.0,3130.0,1.67,-9.2,-2.81,-12.01,255 192 118
M3Ia,11.6,733000.0,3000.0,3130.0,1.67,-7.1,-2.81,-9.91,255 192 118
M3Ib,9.3,168000.0,1440.0,3130.0,1.67,-5.5,-2.81,-8.31,255 192 118
M3II,7.1,14000.0,414.0,3130.0,1.67,-2.8,-2.81,-5.61,255 201 119
M3III,4.8,1840.0,150.0,3130.0,1.67,-0.6,-2.81,-3.41,255 200 119
M3IV,2.6,77.6,33.6,3000.0,1.74,3.2,-3.18,0.02,255 210 156
M3V,0.3,0.0178,0.509,3000.0,1.74,12.3,-3.18,9.12,255 206 129
M3VI,0.2,0.0049,0.267,3000.0,1.74,13.7,-3.18,10.52,255 206 129
M4Ia0,13.2,8380000.0,11500.0,2940.0,1.77,-9.2,-3.36,-12.56,255 185 104
M4Ia,11.0,1100000.0,4180.0,2940.0,1.77,-7.0,-3.36,-10.36,255 185 104
M4Ib,8.9,277000.0,2090.0,2940.0,1.77,-5.5,-3.36,-8.86,255 185 104
M4II,6.7,23100.0,604.0,2940.0,1.77,-2.8,-3.36,-6.16,255 199 114
M4III,4.6,2770.0,209.0,2940.0,1.77,-0.5,-3.36,-3.86,255 206 127
M4IV,2.4,127.0,48.3,2833.0,1.83,3.2,-3.71,-0.51,255 209 155
M4V,0.3,0.0106,0.44,2833.0,1.83,13.4,-3.71,9.69,255 201 127
M4VI,0.1,0.00266,0.221,2833.0,1.83,14.9,-3.71,11.19,255 201 127
M5Ia0,12.5,15300000.0,17800.0,2750.0,1.88,-9.2,-4.01,-13.21,255 178 078
M5Ia,10.5,2020000.0,6450.0,2750.0,1.88,-7.0,-4.01,-11.01,255 178 078
M5Ib,8.4,507000.0,3230.0,2750.0,1.88,-5.5,-4.01,-9.51,255 178 078
M5II,6.4,46200.0,976.0,2750.0,1.88,-2.9,-4.01,-6.91,255 197 110
M5III,4.3,5070.0,323.0,2750.0,1.88,-0.5,-4.01,-4.51,255 197 124
M5IV,2.3,207.0,69.4,2667.0,1.93,3.3,-4.34,-1.04,255 209 154
M5V,0.2,0.00624,0.381,2667.0,1.93,14.6,-4.34,10.26,255 204 111
M5VI,0.1,0.00172,0.2,2667.0,1.93,16.0,-4.34,11.66,255 204 111
M6Ia0,12.4,28800000.0,28100.0,2560.0,2.0,-9.1,-4.8,-13.9,255 171 052
M6Ia,10.3,4170000.0,10700.0,2560.0,2.0,-7.0,-4.8,-11.8,255 171 052
M6Ib,8.3,955000.0,5120.0,2560.0,2.0,-5.4,-4.8,-10.2,255 171 052
M6II,6.3,95500.0,1620.0,2560.0,2.0,-2.9,-4.8,-7.7,255 195 105
M6III,4.2,9550.0,512.0,2560.0,2.0,-0.4,-4.8,-5.2,255 178 121
M6IV,2.2,410.0,111.0,2500.0,2.03,3.3,-5.08,-1.78,255 208 153
M6V,0.2,0.0045,0.368,2500.0,2.03,15.7,-5.08,10.62,255 195 112
M6VI,0.1,0.00163,0.222,2500.0,2.03,16.8,-5.08,11.72,255 195 112
M7Ia0,12.3,69600000.0,51000.0,2370.0,2.12,-9.1,-5.76,-14.86,255 164 026
M7Ia,10.2,9180000.0,18500.0,2370.0,2.12,-6.9,-5.76,-12.66,255 164 026
M7Ib,8.2,2100000.0,8870.0,2370.0,2.12,-5.3,-5.76,-11.06,255 164 026
M7II,6.2,253000.0,3070.0,2370.0,2.12,-3.0,-5.76,-8.76,255 193 100
M7III,4.2,21000.0,887.0,2370.0,2.12,-0.3,-5.76,-6.06,255 165 097
M7IV,2.1,926.0,192.0,2333.0,2.14,3.3,-5.97,-2.67,255 207 152
M7V,0.1,0.00369,0.383,2333.0,2.14,16.8,-5.97,10.83,255 197 111
M7VI,0.1,0.00194,0.278,2333.0,2.14,17.5,-5.97,11.53,255 197 111
M8Ia0,12.1,205000000.0,103000.0,2180.0,2.25,-9.1,-6.93,-16.03,255 157 000
M8Ia,10.1,27000000.0,37600.0,2180.0,2.25,-6.9,-6.93,-13.83,255 157 000
M8Ib,8.1,5150000.0,16400.0,2180.0,2.25,-5.1,-6.93,-12.03,255 157 000
M8II,6.1,744000.0,6230.0,2180.0,2.25,-3.0,-6.93,-9.93,255 192 096
M8III,4.1,51500.0,1640.0,2180.0,2.25,-0.1,-6.93,-7.03,255 167 097
M8IV,2.1,2440.0,361.0,2167.0,2.26,3.3,-7.02,-3.72,255 206 151
M8V,0.1,0.00353,0.434,2167.0,2.26,17.9,-7.02,10.88,255 198 109
M8VI,0.1,0.00244,0.361,2167.0,2.26,18.3,-7.02,11.28,255 198 109
M9Ia0,12.0,711000000.0,231000.0,1990.0,2.4,-9.0,-8.38,-17.38,255 157 000
M9Ia,10.0,103000000.0,87900.0,1990.0,2.4,-6.9,-8.38,-15.28,255 157 000
M9Ib,8.0,17900000.0,36700.0,1990.0,2.4,-5.0,-8.38,-13.38,255 157 000
M9II,6.0,2830000.0,14600.0,1990.0,2.4,-3.0,-8.38,-11.38,255 190 091
M9III,4.1,179000.0,3670.0,1990.0,2.4,0.0,-8.38,-8.38,255 233 154
M9IV,2.1,7910.0,764.0,2000.0,2.39,3.3,-8.3,-5.0,255 205 150
M9V,0.1,0.00415,0.553,2000.0,2.39,19.0,-8.3,10.7,255 198 108
M9VI,0.1,0.00415,0.553,2000.0,2.39,19.0,-8.3,10.7,255 198 108
N0Ia0,15.8,1900000.0,3460.0,3700.0,1.41,-9.3,-1.65,-10.95,255 204 143
N0Ia,13.3,274000.0,1310.0,3700.0,1.41,-7.2,-1.65,-8.85,255 204 143
N0Ib,10.7,57300.0,600.0,3700.0,1.41,-5.5,-1.65,-7.15,255 204 143
N0II,8.2,3960.0,158.0,3700.0,1.41,-2.6,-1.65,-4.25,255 207 133
N0III,5.6,689.0,65.8,3700.0,1.41,-0.7,-1.65,-2.35,255 203 132
N0IV,3.1,26.0,14.3,3500.0,1.49,3.2,-1.99,1.21,255 213 160
N0V,0.5,0.125,0.99,3500.0,1.49,9.0,-1.99,7.01,255 195 139
N0VI,0.2,0.0376,0.544,3500.0,1.49,10.3,-1.99,8.31,255 195 139
N1Ia0,15.1,2560000.0,4460.0,3510.0,1.49,-9.3,-1.97,-11.27,255 202 138
N1Ia,12.7,337000.0,1620.0,3510.0,1.49,-7.1,-1.97,-9.07,255 202 138
N1Ib,10.2,77300.0,775.0,3510.0,1.49,-5.5,-1.97,-7.47,255 202 138
N1II,7.8,5860.0,213.0,3510.0,1.49,-2.7,-1.97,-4.67,255 205 128
N1III,5.3,929.0,85.0,3510.0,1.49,-0.7,-1.97,-2.67,255 200 121
N1IV,2.9,35.5,18.4,3333.0,1.57,3.2,-2.33,0.87,255 212 159
N1V,0.5,0.0618,0.768,3333.0,1.57,10.1,-2.33,7.77,255 204 142
N1VI,0.2,0.0186,0.422,3333.0,1.57,11.4,-2.33,9.07,255 204 142
N2Ia0,14.5,3650000.0,5950.0,3320.0,1.58,-9.3,-2.36,-11.66,255 193 104
N2Ia,12.1,481000.0,2160.0,3320.0,1.58,-7.1,-2.36,-9.46,255 193 104
N2Ib,9.8,110000.0,1030.0,3320.0,1.58,-5.5,-2.36,-7.86,255 193 104
N2II,7.4,8360.0,285.0,3320.0,1.58,-2.7,-2.36,-5.06,255 203 124
N2III,5.1,1210.0,108.0,3320.0,1.58,-0.6,-2.36,-2.96,255 198 118
N2IV,2.7,50.9,24.4,3167.0,1.65,3.2,-2.72,0.48,255 211 157
N2V,0.4,0.0321,0.614,3167.0,1.65,11.2,-2.72,8.48,255 196 131
N2VI,0.2,0.00885,0.322,3167.0,1.65,12.6,-2.72,9.88,255 196 131
N3Ia0,13.8,5070000.0,7890.0,3130.0,1.67,-9.2,-2.81,-12.01,255 192 118
N3Ia,11.6,733000.0,3000.0,3130.0,1.67,-7.1,-2.81,-9.91,255 192 118
N3Ib,9.3,168000.0,1440.0,3130.0,1.67,-5.5,-2.81,-8.31,255 192 118
N3II,7.1,14000.0,414.0,3130.0,1.67,-2.8,-2.81,-5.61,255 201 119
N3III,4.8,1840.0,150.0,3130.0,1.67,-0.6,-2.81,-3.41,255 200 119
N3IV,2.6,77.6,33.6,3000.0,1.74,3.2,-3.18,0.02,255 210 156
N3V,0.3,0.0178,0.509,3000.0,1.74,12.3,-3.18,9.12,255 206 129
N3VI,0.2,0.0049,0.267,3000.0,1.74,13.7,-3.18,10.52,255 206 129
N4Ia0,13.2,8380000.0,11500.0,2940.0,1.77,-9.2,-3.36,-12.56,255 185 104
N4Ia,11.0,1100000.0,4180.0,2940.0,1.77,-7.0,-3.36,-10.36,255 185 104
N4Ib,8.9,277000.0,2090.0,2940.0,1.77,-5.5,-3.36,-8.86,255 185 104
N4II,6.7,23100.0,604.0,2940.0,1.77,-2.8,-3.36,-6.16,255 199 114
N4III,4.6,2770.0,209.0,2940.0,1.77,-0.5,-3.36,-3.86,255 206 127
N4IV,2.4,127.0,48.3,2833.0,1.83,3.2,-3.71,-0.51,255 209 155
N4V,0.3,0.0106,0.44,2833.0,1.83,13.4,-3.71,9.69,255 201 127
N4VI,0.1,0.00266,0.221,2833.0,1.83,14.9,-3.71,11.19,255 201 127
N5Ia0,12.5,15300000.0,17800.0,2750.0,1.88,-9.2,-4.01,-13.21,255 178 078
N5Ia,10.5,2020000.0,6450.0,2750.0,1.88,-7.0,-4.01,-11.01,255 178 078
N5Ib,8.4,507000.0,3230.0,2750.0,1.88,-5.5,-4.01,-9.51,255 178 078
N5II,6.4,46200.0,976.0,2750.0,1.88,-2.9,-4.01,-6.91,255 197 110
N5III,4.3,5070.0,323.0,2750.0,1.88,-0.5,-4.01,-4.51,255 197 124
N5IV,2.3,207.0,69.4,2667.0,1.93,3.3,-4.34,-1.04,255 209 154
N5V,0.2,0.00624,0.381,2667.0,1.93,14.6,-4.34,10.26,255 204 111
N5VI,0.1,0.00172,0.2,2667.0,1.93,16.0,-4.34,11.66,255 204 111
N6Ia0,12.4,28800000.0,28100.0,2560.0,2.0,-9.1,-4.8,-13.9,255 171 052
N6Ia,10.3,4170000.0,10700.0,2560.0,2.0,-7.0,-4.8,-11.8,255 171 052
N6Ib,8.3,955000.0,5120.0,2560.0,2.0,-5.4,-4.8,-10.2,255 171 052
N6II,6.3,95500.0,1620.0,2560.0,2.0,-2.9,-4.8,-7.7,255 195 105
N6III,4.2,9550.0,512.0,2560.0,2.0,-0.4,-4.8,-5.2,255 178 121
N6IV,2.2,410.0,111.0,2500.0,2.03,3.3,-5.08,-1.78,255 208 153
N6V,0.2,0.0045,0.368,2500.0,2.03,15.7,-5.08,10.62,255 195 112
N6VI,0.1,0.00163,0.222,2500.0,2.03,16.8,-5.08,11.72,255 195 112
N7Ia0,12.3,69600000.0,51000.0,2370.0,2.12,-9.1,-5.76,-14.86,255 164 026
N7Ia,10.2,9180000.0,18500.0,2370.0,2.12,-6.9,-5.76,-12.66,255 164 026
N7Ib,8.2,2100000.0,8870.0,2370.0,2.12,-5.3,-5.76,-11.06,255 164 026
N7II,6.2,253000.0,3070.0,2370.0,2.12,-3.0,-5.76,-8.76,255 193 100
N7III,4.2,21000.0,887.0,2370.0,2.12,-0.3,-5.76,-6.06,255 165 097
N7IV,2.1,926.0,192.0,2333.0,2.14,3.3,-5.97,-2.67,255 207 152
N7V,0.1,0.00369,0.383,2333.0,2.14,16.8,-5.97,10.83,255 197 111
N7VI,0.1,0.00194,0.278,2333.0,2.14,17.5,-5.97,11.53,255 197 111
N8Ia0,12.1,205000000.0,103000.0,2180.0,2.25,-9.1,-6.93,-16.03,255 157 000
N8Ia,10.1,27000000.0,37600.0,2180.0,2.25,-6.9,-6.93,-13.83,255 157 000
N8Ib,8.1,5150000.0,16400.0,2180.0,2.25,-5.1,-6.93,-12.03,255 157 000
N8II,6.1,744000.0,6230.0,2180.0,2.25,-3.0,-6.93,-9.93,255 192 096
N8III,4.1,51500.0,1640.0,2180.0,2.25,-0.1,-6.93,-7.03,255 167 097
N8IV,2.1,2440.0,361.0,2167.0,2.26,3.3,-7.02,-3.72,255 206 151
N8V,0.1,0.00353,0.434,2167.0,2.26,17.9,-7.02,10.88,255 198 109
N8VI,0.1,0.00244,0.361,2167.0,2.26,18.3,-7.02,11.28,255 198 109
N9Ia0,12.0,711000000.0,231000.0,1990.0,2.4,-9.0,-8.38,-17.38,255 157 000
N9Ia,10.0,103000000.0,87900.0,1990.0,2.4,-6.9,-8.38,-15.28,255 157 000
N9Ib,8.0,17900000.0,36700.0,1990.0,2.4,-5.0,-8.38,-13.38,255 157 000
N9II,6.0,2830000.0,14600.0,1990.0,2.4,-3.0,-8.38,-11.38,255 190 091
N9III,4.1,179000.0,3670.0,1990.0,2.4,0.0,-8.38,-8.38,255 233 154
N9IV,2.1,7910.0,764.0,2000.0,2.39,3.3,-8.3,-5.0,255 205 150
N9V,0.1,0.00415,0.553,2000.0,2.39,19.0,-8.3,10.7,255 198 108
N9VI,0.1,0.00415,0.553,2000.0,2.39,19.0,-8.3,10.7,255 198 108
WC0Ia0,160.0,34100000.0,80.2,50000.0,-0.35,-9.5,-4.58,-14.08,144 166 255
WC0Ia,150.0,2590000.0,22.1,50000.0,-0.35,-6.7,-4.58,-11.28,144 166 255
WC0Ib,140.0,2150000.0,20.2,50000.0,-0.35,-6.5,-4.58,-11.08,144 166 255
WC0II,130.0,2150000.0,20.2,50000.0,-0.35,-6.5,-4.58,-11.08,144 166 255
WC0III,120.0,2150000.0,20.2,50000.0,-0.35,-6.5,-4.58,-11.08,144 166 255
WC0IV,110.0,1360000.0,16.0,50000.0,-0.35,-6.0,-4.58,-10.58,144 166 255
WC0V,100.0,1240000.0,15.3,50000.0,-0.35,-5.9,-4.58,-10.48,144 166 255
WC0VI,60.0,940000.0,13.3,50000.0,-0.35,-5.6,-4.58,-10.18,144 166 255
WC1Ia0,159.7,27100000.0,78.8,47600.0,-0.35,-9.4,-4.43,-13.83,146 168 255
WC1Ia,149.3,2250000.0,22.7,47600.0,-0.35,-6.7,-4.43,-11.13,146 168 255
WC1Ib,139.0,1870000.0,20.7,47600.0,-0.35,-6.5,-4.43,-10.93,146 168 255
WC1II,128.6,1730000.0,19.8,47800.0,-0.35,-6.4,-4.44,-10.84,146 168 255
WC1III,118.2,1580000.0,18.9,47800.0,-0.35,-6.3,-4.44,-10.74,146 168 255
WC1IV,107.9,1090000.0,15.7,47800.0,-0.35,-5.9,-4.44,-10.34,145 167 255
WC1V,97.5,994000.0,15.0,47800.0,-0.35,-5.8,-4.44,-10.24,146 168 255
WC1VI,37.0,754000.0,13.1,47800.0,-0.35,-5.5,-4.44,-9.94,146 168 255
WC2Ia0,159.4,21400000.0,77.7,45200.0,-0.35,-9.3,-4.28,-13.58,148 170 255
WC2Ia,148.6,2140000.0,24.6,45200.0,-0.35,-6.8,-4.28,-11.08,148 170 255
WC2Ib,137.9,1620000.0,21.4,45200.0,-0.35,-6.5,-4.28,-10.78,148 170 255
WC2II,127.2,1520000.0,20.3,45600.0,-0.35,-6.4,-4.3,-10.7,148 170 255
WC2III,116.5,1260000.0,18.5,45600.0,-0.35,-6.2,-4.3,-10.5,148 169 255
WC2IV,105.7,872000.0,15.4,45600.0,-0.35,-5.8,-4.3,-10.1,146 169 255
WC2V,95.0,795000.0,14.7,45600.0,-0.35,-5.7,-4.3,-10.0,148 170 255
WC2VI,30.0,603000.0,12.8,45600.0,-0.35,-5.4,-4.3,-9.7,148 170 255
WC3Ia0,159.0,16800000.0,76.9,42800.0,-0.34,-9.2,-4.12,-13.32,151 172 255
WC3Ia,148.0,1850000.0,25.5,42800.0,-0.34,-6.8,-4.12,-10.92,151 172 255
WC3Ib,136.9,1400000.0,22.2,42800.0,-0.34,-6.5,-4.12,-10.62,151 172 255
WC3II,125.8,1210000.0,20.0,43400.0,-0.34,-6.3,-4.16,-10.46,149 173 255
WC3III,114.7,917000.0,17.5,43400.0,-0.34,-6.0,-4.16,-10.16,150 171 255
WC3IV,103.6,696000.0,15.2,43400.0,-0.34,-5.7,-4.16,-9.86,148 170 255
WC3V,92.5,634000.0,14.5,43400.0,-0.34,-5.6,-4.16,-9.76,151 172 255
WC3VI,23.0,481000.0,12.6,43400.0,-0.34,-5.3,-4.16,-9.46,151 172 255
WC4Ia0,158.7,13200000.0,76.4,40400.0,-0.33,-9.1,-3.95,-13.05,153 174 255
WC4Ia,147.3,1740000.0,27.7,40400.0,-0.33,-6.9,-3.95,-10.85,153 174 255
WC4Ib,135.8,1200000.0,23.1,40400.0,-0.33,-6.5,-3.95,-10.45,153 174 255
WC4II,124.4,960000.0,19.8,41200.0,-0.34,-6.2,-4.01,-10.21,151 175 255
WC4III,112.9,728000.0,17.3,41200.0,-0.34,-5.9,-4.01,-9.91,152 172 255
WC4IV,101.5,552000.0,15.0,41200.0,-0.34,-5.6,-4.01,-9.61,149 171 255
WC4V,90.0,504000.0,14.4,41200.0,-0.34,-5.5,-4.01,-9.51,153 174 255
WC4VI,20.0,382000.0,12.5,41200.0,-0.34,-5.2,-4.01,-9.21,153 174 255
WC5Ia0,158.4,10300000.0,76.2,38000.0,-0.33,-9.0,-3.78,-12.78,155 176 255
WC5Ia,142.0,1480000.0,29.0,38000.0,-0.33,-6.9,-3.78,-10.68,155 176 255
WC5Ib,125.6,1030000.0,24.1,38000.0,-0.33,-6.5,-3.78,-10.28,155 176 255
WC5II,109.2,759000.0,19.7,39000.0,-0.33,-6.1,-3.85,-9.95,153 177 255
WC5III,92.8,525000.0,16.4,39000.0,-0.33,-5.7,-3.85,-9.55,154 174 255
WC5IV,76.4,437000.0,14.9,39000.0,-0.33,-5.5,-3.85,-9.35,150 172 255
WC5V,60.0,398000.0,14.2,39000.0,-0.33,-5.4,-3.85,-9.25,155 176 255
WC5VI,17.5,302000.0,12.4,39000.0,-0.33,-5.1,-3.85,-8.95,155 176 255
WC6Ia0,136.7,7810000.0,76.6,35400.0,-0.32,-8.9,-3.58,-12.48,157 178 255
WC6Ia,120.1,1360000.0,31.9,35400.0,-0.32,-7.0,-3.58,-10.58,157 178 255
WC6Ib,103.5,781000.0,24.2,35400.0,-0.32,-6.4,-3.58,-9.98,157 178 255
WC6II,86.9,654000.0,20.5,36800.0,-0.32,-6.1,-3.69,-9.79,155 179 255
WC6III,70.2,376000.0,15.6,36800.0,-0.32,-5.5,-3.69,-9.19,156 175 255
WC6IV,53.6,313000.0,14.2,36800.0,-0.32,-5.3,-3.69,-8.99,151 174 255
WC6V,37.0,260000.0,12.9,36800.0,-0.32,-5.1,-3.69,-8.79,162 184 255
WC6VI,14.2,180000.0,10.8,36800.0,-0.32,-4.7,-3.69,-8.39,162 184 255
WC7Ia0,115.1,5880000.0,77.4,32800.0,-0.31,-8.8,-3.37,-12.17,160 181 255
WC7Ia,100.9,1120000.0,33.8,32800.0,-0.31,-7.0,-3.37,-10.37,160 181 255
WC7Ib,86.7,588000.0,24.5,32800.0,-0.31,-6.3,-3.37,-9.67,160 181 255
WC7II,72.5,510000.0,20.5,34600.0,-0.32,-6.0,-3.52,-9.52,156 181 255
WC7III,58.4,294000.0,15.5,34600.0,-0.32,-5.4,-3.52,-8.92,158 177 255
WC7IV,44.2,223000.0,13.5,34600.0,-0.32,-5.1,-3.52,-8.62,152 175 255
WC7V,30.0,154000.0,11.3,34600.0,-0.32,-4.7,-3.52,-8.22,157 177 255
WC7VI,10.9,107000.0,9.36,34600.0,-0.32,-4.3,-3.52,-7.82,157 177 255
WC8Ia0,93.4,4370000.0,78.7,30200.0,-0.3,-8.7,-3.15,-11.85,162 183 255
WC8Ia,81.7,913000.0,36.0,30200.0,-0.3,-7.0,-3.15,-10.15,162 183 255
WC8Ib,69.9,437000.0,24.9,30200.0,-0.3,-6.2,-3.15,-9.35,162 183 255
WC8II,58.2,360000.0,19.6,32400.0,-0.31,-5.8,-3.34,-9.14,158 183 255
WC8III,46.5,207000.0,14.9,32400.0,-0.31,-5.2,-3.34,-8.54,157 178 255
WC8IV,34.7,157000.0,13.0,32400.0,-0.31,-4.9,-3.34,-8.24,153 176 255
WC8V,23.0,99100.0,10.3,32400.0,-0.31,-4.4,-3.34,-7.74,157 177 255
WC8VI,7.6,57000.0,7.81,32400.0,-0.31,-3.8,-3.34,-7.14,157 177 255
WN0VI,60.0,940000.0,13.3,50000.0,-0.35,-5.6,-4.58,-10.18,144 166 255
WC9Ia0,71.8,3190000.0,80.5,27600.0,-0.29,-8.6,-2.91,-11.51,164 185 255
WC9Ia,63.1,731000.0,38.5,27600.0,-0.29,-7.0,-2.91,-9.91,164 185 255
WC9Ib,54.5,319000.0,25.5,27600.0,-0.29,-6.1,-2.91,-9.01,164 185 255
WC9II,45.9,276000.0,19.8,30200.0,-0.3,-5.7,-3.15,-8.85,160 186 255
WC9III,37.3,159000.0,15.0,30200.0,-0.3,-5.1,-3.15,-8.25,158 177 255
WC9IV,28.6,110000.0,12.5,30200.0,-0.3,-4.7,-3.15,-7.85,155 177 255
WC9V,20.0,57600.0,9.04,30200.0,-0.3,-4.0,-3.15,-7.15,154 178 255
WC9VI,6.7,33100.0,6.85,30200.0,-0.3,-3.4,-3.15,-6.55,154 178 255
WN0Ia0,160.0,34100000.0,80.2,50000.0,-0.35,-9.5,-4.58,-14.08,144 166 255
WN0Ia,150.0,2590000.0,22.1,50000.0,-0.35,-6.7,-4.58,-11.28,144 166 255
WN0Ib,140.0,2150000.0,20.2,50000.0,-0.35,-6.5,-4.58,-11.08,144 166 255
WN0II,130.0,2150000.0,20.2,50000.0,-0.35,-6.5,-4.58,-11.08,144 166 255
WN0III,120.0,2150000.0,20.2,50000.0,-0.35,-6.5,-4.58,-11.08,144 166 255
WN0IV,110.0,1360000.0,16.0,50000.0,-0.35,-6.0,-4.58,-10.58,144 166 255
WN0V,100.0,1240000.0,15.3,50000.0,-0.35,-5.9,-4.58,-10.48,144 166 255
WN1Ia0,159.7,27100000.0,78.8,47600.0,-0.35,-9.4,-4.43,-13.83,146 168 255
WN1Ia,149.3,2250000.0,22.7,47600.0,-0.35,-6.7,-4.43,-11.13,146 168 255
WN1Ib,139.0,1870000.0,20.7,47600.0,-0.35,-6.5,-4.43,-10.93,146 168 255
WN1II,128.6,1730000.0,19.8,47800.0,-0.35,-6.4,-4.44,-10.84,146 168 255
WN1III,118.2,1580000.0,18.9,47800.0,-0.35,-6.3,-4.44,-10.74,146 168 255
WN1IV,107.9,1090000.0,15.7,47800.0,-0.35,-5.9,-4.44,-10.34,145 167 255
WN1V,97.5,994000.0,15.0,47800.0,-0.35,-5.8,-4.44,-10.24,146 168 255
WN1VI,37.0,754000.0,13.1,47800.0,-0.35,-5.5,-4.44,-9.94,146 168 255
WN2Ia0,159.4,21400000.0,77.7,45200.0,-0.35,-9.3,-4.28,-13.58,148 170 255
WN2Ia,148.6,2140000.0,24.6,45200.0,-0.35,-6.8,-4.28,-11.08,148 170 255
WN2Ib,137.9,1620000.0,21.4,45200.0,-0.35,-6.5,-4.28,-10.78,148 170 255
WN2II,127.2,1520000.0,20.3,45600.0,-0.35,-6.4,-4.3,-10.7,148 170 255
WN2III,116.5,1260000.0,18.5,45600.0,-0.35,-6.2,-4.3,-10.5,148 169 255
WN2IV,105.7,872000.0,15.4,45600.0,-0.35,-5.8,-4.3,-10.1,146 169 255
WN2V,95.0,795000.0,14.7,45600.0,-0.35,-5.7,-4.3,-10.0,148 170 255
WN2VI,30.0,603000.0,12.8,45600.0,-0.35,-5.4,-4.3,-9.7,148 170 255
WN3Ia0,159.0,16800000.0,76.9,42800.0,-0.34,-9.2,-4.12,-13.32,151 172 255
WN3Ia,148.0,1850000.0,25.5,42800.0,-0.34,-6.8,-4.12,-10.92,151 172 255
WN3Ib,136.9,1400000.0,22.2,42800.0,-0.34,-6.5,-4.12,-10.62,151 172 255
WN3II,125.8,1210000.0,20.0,43400.0,-0.34,-6.3,-4.16,-10.46,149 173 255
WN3III,114.7,917000.0,17.5,43400.0,-0.34,-6.0,-4.16,-10.16,150 171 255
WN3IV,103.6,696000.0,15.2,43400.0,-0.34,-5.7,-4.16,-9.86,148 170 255
WN3V,92.5,634000.0,14.5,43400.0,-0.34,-5.6,-4.16,-9.76,151 172 255
WN3VI,23.0,481000.0,12.6,43400.0,-0.34,-5.3,-4.16,-9.46,151 172 255
WN4Ia0,158.7,13200000.0,76.4,40400.0,-0.33,-9.1,-3.95,-13.05,153 174 255
WN4Ia,147.3,1740000.0,27.7,40400.0,-0.33,-6.9,-3.95,-10.85,153 174 255
WN4Ib,135.8,1200000.0,23.1,40400.0,-0.33,-6.5,-3.95,-10.45,153 174 255
WN4II,124.4,960000.0,19.8,41200.0,-0.34,-6.2,-4.01,-10.21,151 175 255
WN4III,112.9,728000.0,17.3,41200.0,-0.34,-5.9,-4.01,-9.91,152 172 255
WN4IV,101.5,552000.0,15.0,41200.0,-0.34,-5.6,-4.01,-9.61,149 171 255
WN4V,90.0,504000.0,14.4,41200.0,-0.34,-5.5,-4.01,-9.51,153 174 255
WN4VI,20.0,382000.0,12.5,41200.0,-0.34,-5.2,-4.01,-9.21,153 174 255
WN5Ia0,158.4,10300000.0,76.2,38000.0,-0.33,-9.0,-3.78,-12.78,155 176 255
WN5Ia,142.0,1480000.0,29.0,38000.0,-0.33,-6.9,-3.78,-10.68,155 176 255
WN5Ib,125.6,1030000.0,24.1,38000.0,-0.33,-6.5,-3.78,-10.28,155 176 255
WN5II,109.2,759000.0,19.7,39000.0,-0.33,-6.1,-3.85,-9.95,153 177 255
WN5III,92.8,525000.0,16.4,39000.0,-0.33,-5.7,-3.85,-9.55,154 174 255
WN5IV,76.4,437000.0,14.9,39000.0,-0.33,-5.5,-3.85,-9.35,150 172 255
WN5V,60.0,398000.0,14.2,39000.0,-0.33,-5.4,-3.85,-9.25,155 176 255
WN5VI,17.5,302000.0,12.4,39000.0,-0.33,-5.1,-3.85,-8.95,155 176 255
WN6Ia0,136.7,7810000.0,76.6,35400.0,-0.32,-8.9,-3.58,-12.48,157 178 255
WN6Ia,120.1,1360000.0,31.9,35400.0,-0.32,-7.0,-3.58,-10.58,157 178 255
WN6Ib,103.5,781000.0,24.2,35400.0,-0.32,-6.4,-3.58,-9.98,157 178 255
WN6II,86.9,654000.0,20.5,36800.0,-0.32,-6.1,-3.69,-9.79,155 179 255
WN6III,70.2,376000.0,15.6,36800.0,-0.32,-5.5,-3.69,-9.19,156 175 255
WN6IV,53.6,313000.0,14.2,36800.0,-0.32,-5.3,-3.69,-8.99,151 174 255
WN6V,37.0,260000.0,12.9,36800.0,-0.32,-5.1,-3.69,-8.79,162 184 255
WN6VI,14.2,180000.0,10.8,36800.0,-0.32,-4.7,-3.69,-8.39,162 184 255
WN7Ia0,115.1,5880000.0,77.4,32800.0,-0.31,-8.8,-3.37,-12.17,160 181 255
WN7Ia,100.9,1120000.0,33.8,32800.0,-0.31,-7.0,-3.37,-10.37,160 181 255
WN7Ib,86.7,588000.0,24.5,32800.0,-0.31,-6.3,-3.37,-9.67,160 181 255
WN7II,72.5,510000.0,20.5,34600.0,-0.32,-6.0,-3.52,-9.52,156 181 255
WN7III,58.4,294000.0,15.5,34600.0,-0.32,-5.4,-3.52,-8.92,158 177 255
WN7IV,44.2,223000.0,13.5,34600.0,-0.32,-5.1,-3.52,-8.62,152 175 255
WN7V,30.0,154000.0,11.3,34600.0,-0.32,-4.7,-3.52,-8.22,157 177 255
WN7VI,10.9,107000.0,9.36,34600.0,-0.32,-4.3,-3.52,-7.82,157 177 255
WN8Ia0,93.4,4370000.0,78.7,30200.0,-0.3,-8.7,-3.15,-11.85,162 183 255
WN8Ia,81.7,913000.0,36.0,30200.0,-0.3,-7.0,-3.15,-10.15,162 183 255
WN8Ib,69.9,437000.0,24.9,30200.0,-0.3,-6.2,-3.15,-9.35,162 183 255
WN8II,58.2,360000.0,19.6,32400.0,-0.31,-5.8,-3.34,-9.14,158 183 255
WN8III,46.5,207000.0,14.9,32400.0,-0.31,-5.2,-3.34,-8.54,157 178 255
WN8IV,34.7,157000.0,13.0,32400.0,-0.31,-4.9,-3.34,-8.24,153 176 255
WN8V,23.0,99100.0,10.3,32400.0,-0.31,-4.4,-3.34,-7.74,157 177 255
WN8VI,7.6,57000.0,7.81,32400.0,-0.31,-3.8,-3.34,-7.14,157 177 255
WN9Ia0,71.8,3190000.0,80.5,27600.0,-0.29,-8.6,-2.91,-11.51,164 185 255
WN9Ia,63.1,731000.0,38.5,27600.0,-0.29,-7.0,-2.91,-9.91,164 185 255
WN9Ib,54.5,319000.0,25.5,27600.0,-0.29,-6.1,-2.91,-9.01,164 185 255
WN9II,45.9,276000.0,19.8,30200.0,-0.3,-5.7,-3.15,-8.85,160 186 255
WN9III,37.3,159000.0,15.0,30200.0,-0.3,-5.1,-3.15,-8.25,158 177 255
WN9IV,28.6,110000.0,12.5,30200.0,-0.3,-4.7,-3.15,-7.85,155 177 255
WN9V,20.0,57600.0,9.04,30200.0,-0.3,-4.0,-3.15,-7.15,154 178 255
WN9VI,6.7,33100.0,6.85,30200.0,-0.3,-3.4,-3.15,-6.55,154 178 255
R0Ia0,12.0,813000.0,1420.0,4669.0,1.03,-9.4,-0.62,-10.02,255 231 193
R0Ia,10.2,170000.0,649.0,4669.0,1.03,-7.7,-0.62,-8.32,255 231 193
R0Ib,8.3,9770.0,156.0,4669.0,1.03,-4.6,-0.62,-5.22,255 231 193
R0II,6.5,1290.0,56.5,4669.0,1.03,-2.4,-0.62,-3.02,255 237 209
R0III,4.6,89.1,14.9,4669.0,1.03,0.5,-0.62,-0.12,255 243 233
R0IV,2.8,6.2,2.76,5560.0,0.75,3.0,-0.23,2.77,255 245 238
R0V,0.9,0.982,1.1,5560.0,0.75,5.0,-0.23,4.77,255 241 229
R0VI,0.8,0.297,0.605,5560.0,0.75,6.3,-0.23,6.07,255 241 229
R1Ia0,12.4,871000.0,1540.0,4561.0,1.07,-9.4,-0.7,-10.1,255 228 187
R1Ia,10.5,166000.0,672.0,4561.0,1.07,-7.6,-0.7,-8.3,255 228 187
R1Ib,8.6,10500.0,169.0,4561.0,1.07,-4.6,-0.7,-5.3,255 228 187
R1II,6.7,1380.0,61.3,4561.0,1.07,-2.4,-0.7,-3.1,255 234 201
R1III,4.7,105.0,16.9,4561.0,1.07,0.4,-0.7,-0.3,255 239 222
R1IV,2.8,6.61,3.11,5331.0,0.82,3.0,-0.3,2.7,255 241 229
R1V,0.9,0.794,1.08,5331.0,0.82,5.3,-0.3,5.0,255 238 222
R1VI,0.7,0.219,0.565,5331.0,0.82,6.7,-0.3,6.4,255 238 222
R2Ia0,12.8,940000.0,1680.0,4453.0,1.11,-9.4,-0.78,-10.18,255 225 182
R2Ia,10.8,179000.0,733.0,4453.0,1.11,-7.6,-0.78,-8.38,255 225 182
R2Ib,8.8,12400.0,193.0,4453.0,1.11,-4.7,-0.78,-5.48,255 225 182
R2II,6.8,1490.0,66.8,4453.0,1.11,-2.4,-0.78,-3.18,255 230 192
R2III,4.8,136.0,20.2,4453.0,1.11,0.2,-0.78,-0.58,255 234 211
R2IV,2.8,7.17,3.53,5102.0,0.89,3.0,-0.39,2.61,255 238 221
R2V,0.8,0.654,1.07,5102.0,0.89,5.6,-0.39,5.21,255 235 216
R2VI,0.7,0.18,0.56,5102.0,0.89,7.0,-0.39,6.61,255 235 216
R3Ia0,13.3,932000.0,1750.0,4346.0,1.15,-9.3,-0.87,-10.17,255 222 176
R3Ia,11.2,178000.0,766.0,4346.0,1.15,-7.5,-0.87,-8.37,255 222 176
R3Ib,9.1,13500.0,211.0,4346.0,1.15,-4.7,-0.87,-5.57,255 222 176
R3II,7.0,1780.0,76.6,4346.0,1.15,-2.5,-0.87,-3.37,255 227 184
R3III,5.0,162.0,23.1,4346.0,1.15,0.1,-0.87,-0.77,255 230 199
R3IV,2.9,7.26,3.9,4873.0,0.97,3.1,-0.5,2.6,255 234 212
R3V,0.8,0.55,1.07,4873.0,0.97,5.9,-0.5,5.4,255 233 209
R3VI,0.6,0.152,0.563,4873.0,0.97,7.3,-0.5,6.8,255 233 209
R4Ia0,13.7,1020000.0,1930.0,4238.0,1.19,-9.3,-0.97,-10.27,255 219 171
R4Ia,11.5,195000.0,844.0,4238.0,1.19,-7.5,-0.97,-8.47,255 219 171
R4Ib,9.4,16200.0,243.0,4238.0,1.19,-4.8,-0.97,-5.77,255 219 171
R4II,7.2,1950.0,84.4,4238.0,1.19,-2.5,-0.97,-3.47,255 223 175
R4III,5.1,195.0,26.7,4238.0,1.19,0.0,-0.97,-0.97,255 225 188
R4IV,2.9,8.25,4.57,4644.0,1.04,3.1,-0.64,2.46,255 231 203
R4V,0.8,0.521,1.15,4644.0,1.04,6.1,-0.64,5.46,255 230 203
R4VI,0.6,0.119,0.55,4644.0,1.04,7.7,-0.64,7.06,255 230 203
R5Ia0,14.1,1130000.0,2140.0,4130.0,1.23,-9.3,-1.08,-10.38,255 216 165
R5Ia,11.9,197000.0,893.0,4130.0,1.23,-7.4,-1.08,-8.48,255 216 165
R5Ib,9.6,21600.0,296.0,4130.0,1.23,-5.0,-1.08,-6.08,255 216 165
R5II,7.4,2160.0,93.5,4130.0,1.23,-2.5,-1.08,-3.58,255 220 167
R5III,5.2,259.0,32.4,4130.0,1.23,-0.2,-1.08,-1.28,255 221 177
R5IV,2.9,9.67,5.47,4416.0,1.12,3.1,-0.81,2.29,255 227 194
R5V,0.7,0.463,1.2,4416.0,1.12,6.4,-0.81,5.59,255 227 196
R5VI,0.5,0.0881,0.523,4416.0,1.12,8.2,-0.81,7.39,255 227 196
R6Ia0,14.5,1260000.0,2390.0,4023.0,1.27,-9.3,-1.2,-10.5,255 213 160
R6Ia,12.2,220000.0,995.0,4023.0,1.27,-7.4,-1.2,-8.6,255 213 160
R6Ib,9.9,31800.0,378.0,4023.0,1.27,-5.3,-1.2,-6.5,255 213 160
R6II,7.6,2410.0,104.0,4023.0,1.27,-2.5,-1.2,-3.7,255 217 158
R6III,5.3,318.0,37.8,4023.0,1.27,-0.3,-1.2,-1.5,255 216 166
R6IV,3.0,11.7,6.71,4187.0,1.21,3.1,-1.02,2.08,255 224 186
R6V,0.7,0.426,1.28,4187.0,1.21,6.7,-1.02,5.68,255 219 182
R6VI,0.4,0.0676,0.509,4187.0,1.21,8.7,-1.02,7.68,255 219 182
R7Ia0,15.0,1430000.0,2680.0,3915.0,1.32,-9.3,-1.34,-10.64,255 210 154
R7Ia,12.6,227000.0,1070.0,3915.0,1.32,-7.3,-1.34,-8.64,255 210 154
R7Ib,10.2,39400.0,445.0,3915.0,1.32,-5.4,-1.34,-6.74,255 210 154
R7II,7.8,2990.0,122.0,3915.0,1.32,-2.6,-1.34,-3.94,255 213 150
R7III,5.4,394.0,44.5,3915.0,1.32,-0.4,-1.34,-1.74,255 212 154
R7IV,3.0,13.6,8.08,3958.0,1.3,3.2,-1.28,1.92,255 220 177
R7V,0.6,0.259,1.12,3958.0,1.3,7.5,-1.28,6.22,255 211 168
R7VI,0.4,0.045,0.465,3958.0,1.3,9.4,-1.28,8.12,255 211 168
R8Ia0,15.4,1640000.0,3030.0,3808.0,1.36,-9.3,-1.48,-10.78,255 207 149
R8Ia,12.9,259000.0,1210.0,3808.0,1.36,-7.3,-1.48,-8.78,255 207 149
R8Ib,10.4,45000.0,503.0,3808.0,1.36,-5.4,-1.48,-6.88,255 207 149
R8II,8.0,3420.0,138.0,3808.0,1.36,-2.6,-1.48,-4.08,255 210 141
R8III,5.5,541.0,55.1,3808.0,1.36,-0.6,-1.48,-2.08,255 207 143
R8IV,3.0,18.2,10.5,3729.0,1.39,3.2,-1.6,1.6,255 216 168
R8V,0.6,0.182,1.05,3729.0,1.39,8.2,-1.6,6.6,255 203 153
R8VI,0.3,0.038,0.482,3729.0,1.39,9.9,-1.6,8.3,255 203 153
R9Ia0,15.8,1900000.0,3460.0,3700.0,1.41,-9.3,-1.65,-10.95,255 204 143
R9Ia,13.3,274000.0,1310.0,3700.0,1.41,-7.2,-1.65,-8.85,255 204 143
R9Ib,10.7,57300.0,600.0,3700.0,1.41,-5.5,-1.65,-7.15,255 204 143
R9II,8.2,3960.0,158.0,3700.0,1.41,-2.6,-1.65,-4.25,255 207 133
R9III,5.6,689.0,65.8,3700.0,1.41,-0.7,-1.65,-2.35,255 203 132
R9IV,3.1,26.0,14.3,3500.0,1.49,3.2,-1.99,1.21,255 213 160
R9V,0.5,0.125,0.99,3500.0,1.49,9.0,-1.99,7.01,255 195 139
R9VI,0.2,0.0376,0.544,3500.0,1.49,10.3,-1.99,8.31,255 195 139
C0Ia0,12.0,813000.0,1420.0,4669.0,1.03,-9.4,-0.62,-10.02,255 231 193
C0Ia,10.2,170000.0,649.0,4669.0,1.03,-7.7,-0.62,-8.32,255 231 193
C0Ib,8.3,9770.0,156.0,4669.0,1.03,-4.6,-0.62,-5.22,255 231 193
C0II,6.5,1290.0,56.5,4669.0,1.03,-2.4,-0.62,-3.02,255 237 209
C0III,4.6,89.1,14.9,4669.0,1.03,0.5,-0.62,-0.12,255 243 233
C0IV,2.8,6.2,2.76,5560.0,0.75,3.0,-0.23,2.77,255 245 238
C0V,0.9,0.982,1.1,5560.0,0.75,5.0,-0.23,4.77,255 241 229
C0VI,0.8,0.297,0.605,5560.0,0.75,6.3,-0.23,6.07,255 241 229
C1Ia0,12.7,1100000.0,1880.0,4371.0,1.14,-9.5,-0.85,-10.35,255 222 172
C1Ia,10.8,191000.0,785.0,4371.0,1.14,-7.6,-0.85,-8.45,255 222 172
C1Ib,8.8,12000.0,197.0,4371.0,1.14,-4.6,-0.85,-5.45,255 222 172
C1II,6.8,1590.0,71.6,4371.0,1.14,-2.4,-0.85,-3.25,255 232 196
C1III,4.8,132.0,20.6,4371.0,1.14,0.3,-0.85,-0.55,255 242 224
C1IV,2.8,7.0,3.41,5164.0,0.87,3.0,-0.36,2.64,255 241 228
C1V,0.8,0.639,1.03,5164.0,0.87,5.6,-0.36,5.24,255 235 218
C1VI,0.7,0.176,0.54,5164.0,0.87,7.0,-0.36,6.64,255 235 218
C2Ia0,13.5,1310000.0,2370.0,4073.0,1.25,-9.4,-1.15,-10.55,255 214 150
C2Ia,11.4,228000.0,989.0,4073.0,1.25,-7.5,-1.15,-8.65,255 214 150
C2Ib,9.2,17300.0,272.0,4073.0,1.25,-4.7,-1.15,-5.85,255 214 150
C2II,7.1,2280.0,98.9,4073.0,1.25,-2.5,-1.15,-3.65,255 226 183
C2III,5.0,208.0,29.9,4073.0,1.25,0.1,-1.15,-1.05,255 241 215
C2IV,2.9,7.67,4.18,4769.0,1.0,3.1,-0.56,2.54,255 236 218
C2V,0.8,0.278,0.797,4769.0,1.0,6.7,-0.56,6.14,255 228 207
C2VI,0.7,0.133,0.551,4769.0,1.0,7.5,-0.56,6.94,255 228 207
C3Ia0,14.2,1710000.0,3150.0,3776.0,1.37,-9.3,-1.53,-10.83,255 206 129
C3Ia,12.0,297000.0,1310.0,3776.0,1.37,-7.4,-1.53,-8.93,255 206 129
C3Ib,9.7,24700.0,378.0,3776.0,1.37,-4.7,-1.53,-6.23,255 206 129
C3II,7.4,3570.0,144.0,3776.0,1.37,-2.6,-1.53,-4.13,255 221 170
C3III,5.2,357.0,45.5,3776.0,1.37,-0.1,-1.53,-1.63,255 240 207
C3IV,2.9,10.0,5.68,4373.0,1.14,3.1,-0.85,2.25,255 232 209
C3V,0.7,0.12,0.623,4373.0,1.14,7.9,-0.85,7.05,255 222 196
C3VI,0.6,0.0912,0.542,4373.0,1.14,8.2,-0.85,7.35,255 222 196
C4Ia0,15.0,2710000.0,4670.0,3478.0,1.5,-9.3,-2.03,-11.33,255 198 107
C4Ia,12.6,429000.0,1860.0,3478.0,1.5,-7.3,-2.03,-9.33,255 198 107
C4Ib,10.2,42900.0,588.0,3478.0,1.5,-4.8,-2.03,-6.83,255 198 107
C4II,7.8,6200.0,223.0,3478.0,1.5,-2.7,-2.03,-4.73,255 216 157
C4III,5.4,680.0,74.0,3478.0,1.5,-0.3,-2.03,-2.33,255 239 198
C4IV,3.0,14.6,8.28,3978.0,1.29,3.1,-1.26,1.84,255 227 199
C4V,0.6,0.0636,0.547,3978.0,1.29,9.0,-1.26,7.74,255 215 185
C4VI,0.5,0.0636,0.547,3978.0,1.29,9.0,-1.26,7.74,255 215 185
C5Ia0,15.7,4940000.0,7550.0,3180.0,1.65,-9.3,-2.68,-11.98,255 190 086
C5Ia,13.2,783000.0,3000.0,3180.0,1.65,-7.3,-2.68,-9.98,255 190 086
C5Ib,10.6,94100.0,1040.0,3180.0,1.65,-5.0,-2.68,-7.68,255 190 086
C5II,8.1,11300.0,361.0,3180.0,1.65,-2.7,-2.68,-5.38,255 211 143
C5III,5.5,1490.0,131.0,3180.0,1.65,-0.5,-2.68,-3.18,255 237 189
C5IV,3.0,22.7,12.8,3582.0,1.46,3.2,-1.84,1.36,255 223 189
C5V,0.5,0.0052,0.193,3582.0,1.46,12.3,-1.84,10.46,255 209 174
C5VI,0.4,0.0328,0.485,3582.0,1.46,10.3,-1.84,8.46,255 209 174
C6Ia0,14.8,10900000.0,13600.0,2883.0,1.8,-9.3,-3.54,-12.84,255 182 064
C6Ia,12.4,1570000.0,5180.0,2883.0,1.8,-7.2,-3.54,-10.74,255 182 064
C6Ib,10.0,273000.0,2160.0,2883.0,1.8,-5.3,-3.54,-8.84,255 182 064
C6II,7.6,27300.0,683.0,2883.0,1.8,-2.8,-3.54,-6.34,255 205 130
C6III,5.2,3950.0,260.0,2883.0,1.8,-0.7,-3.54,-4.24,255 236 180
C6IV,2.8,48.6,23.6,3187.0,1.64,3.2,-2.67,0.53,255 218 179
C6V,0.4,0.00134,0.124,3187.0,1.64,14.6,-2.67,11.93,255 206 158
C6VI,0.3,0.00307,0.187,3187.0,1.64,13.7,-2.67,11.03,255 206 158
C7Ia0,13.9,28500000.0,27400.0,2585.0,1.98,-9.2,-4.69,-13.89,255 173 043
C7Ia,11.6,4120000.0,10400.0,2585.0,1.98,-7.1,-4.69,-11.79,255 173 043
C7Ib,9.3,861000.0,4770.0,2585.0,1.98,-5.4,-4.69,-10.09,255 173 043
C7II,7.1,86100.0,1510.0,2585.0,1.98,-2.9,-4.69,-7.59,255 200 117
C7III,4.8,9440.0,499.0,2585.0,1.98,-0.5,-4.69,-5.19,255 235 172
C7IV,2.5,146.0,53.3,2791.0,1.86,3.2,-3.86,-0.66,255 214 170
C7V,0.3,0.00053,0.101,2791.0,1.86,16.8,-3.86,12.94,255 204 141
C7VI,0.3,0.00053,0.101,2791.0,1.86,16.8,-3.86,12.94,255 204 141
C8Ia0,12.9,108000000.0,68200.0,2288.0,2.17,-9.1,-6.23,-15.33,255 165 021
C8Ia,10.8,15600000.0,25900.0,2288.0,2.17,-7.0,-6.23,-13.23,255 165 021
C8Ib,8.7,3260000.0,11800.0,2288.0,2.17,-5.3,-6.23,-11.53,255 165 021
C8II,6.6,358000.0,3920.0,2288.0,2.17,-2.9,-6.23,-9.13,255 195 104
C8III,4.4,29700.0,1130.0,2288.0,2.17,-0.2,-6.23,-6.43,255 234 163
C8IV,2.3,670.0,155.0,2396.0,2.1,3.3,-5.61,-2.31,255 209 160
C8V,0.2,0.000968,0.186,2396.0,2.1,17.9,-5.61,12.29,255 201 125
C8VI,0.2,0.00067,0.155,2396.0,2.1,18.3,-5.61,12.69,255 201 125
C9Ia0,12.0,711000000.0,231000.0,1990.0,2.4,-9.0,-8.38,-17.38,255 157 000
C9Ia,10.0,103000000.0,87900.0,1990.0,2.4,-6.9,-8.38,-15.28,255 157 000
C9Ib,8.0,21500000.0,40200.0,1990.0,2.4,-5.2,-8.38,-13.58,255 157 000
C9II,6.0,2830000.0,14600.0,1990.0,2.4,-3.0,-8.38,-11.38,255 190 091
C9III,4.1,179000.0,3670.0,1990.0,2.4,0.0,-8.38,-8.38,255 233 154
C9IV,2.1,7910.0,764.0,2000.0,2.39,3.3,-8.3,-5.0,255 205 150
C9V,0.1,0.00415,0.553,2000.0,2.39,19.0,-8.3,10.7,255 198 108
C9VI,0.1,0.00415,0.553,2000.0,2.39,19.0,-8.3,10.7,255 198 108
S0Ia0,15.8,1900000.0,3460.0,3700.0,1.41,-9.3,-1.65,-10.95,255 204 143
S0Ia,13.3,274000.0,1310.0,3700.0,1.41,-7.2,-1.65,-8.85,255 204 143
S0Ib,10.7,57300.0,600.0,3700.0,1.41,-5.5,-1.65,-7.15,255 204 143
S0II,8.2,3960.0,158.0,3700.0,1.41,-2.6,-1.65,-4.25,255 207 133
S0III,5.6,689.0,65.8,3700.0,1.41,-0.7,-1.65,-2.35,255 203 132
S0IV,3.1,26.0,14.3,3500.0,1.49,3.2,-1.99,1.21,255 213 160
S0V,0.5,0.125,0.99,3500.0,1.49,9.0,-1.99,7.01,255 195 139
S0VI,0.2,0.0376,0.544,3500.0,1.49,10.3,-1.99,8.31,255 195 139
S1Ia0,15.1,2560000.0,4460.0,3510.0,1.49,-9.3,-1.97,-11.27,255 202 138
S1Ia,12.7,337000.0,1620.0,3510.0,1.49,-7.1,-1.97,-9.07,255 202 138
S1Ib,10.2,77300.0,775.0,3510.0,1.49,-5.5,-1.97,-7.47,255 202 138
S1II,7.8,5860.0,213.0,3510.0,1.49,-2.7,-1.97,-4.67,255 205 128
S1III,5.3,929.0,85.0,3510.0,1.49,-0.7,-1.97,-2.67,255 200 121
S1IV,2.9,35.5,18.4,3333.0,1.57,3.2,-2.33,0.87,255 212 159
S1V,0.5,0.0618,0.768,3333.0,1.57,10.1,-2.33,7.77,255 204 142
S1VI,0.2,0.0186,0.422,3333.0,1.57,11.4,-2.33,9.07,255 204 142
S2Ia0,14.5,3650000.0,5950.0,3320.0,1.58,-9.3,-2.36,-11.66,255 193 104
S2Ia,12.1,481000.0,2160.0,3320.0,1.58,-7.1,-2.36,-9.46,255 193 104
S2Ib,9.8,110000.0,1030.0,3320.0,1.58,-5.5,-2.36,-7.86,255 193 104
S2II,7.4,8360.0,285.0,3320.0,1.58,-2.7,-2.36,-5.06,255 203 124
S2III,5.1,1210.0,108.0,3320.0,1.58,-0.6,-2.36,-2.96,255 198 118
S2IV,2.7,50.9,24.4,3167.0,1.65,3.2,-2.72,0.48,255 211 157
S2V,0.4,0.0321,0.614,3167.0,1.65,11.2,-2.72,8.48,255 196 131
S2VI,0.2,0.00885,0.322,3167.0,1.65,12.6,-2.72,9.88,255 196 131
S3Ia0,13.8,5070000.0,7890.0,3130.0,1.67,-9.2,-2.81,-12.01,255 192 118
S3Ia,11.6,733000.0,3000.0,3130.0,1.67,-7.1,-2.81,-9.91,255 192 118
S3Ib,9.3,168000.0,1440.0,3130.0,1.67,-5.5,-2.81,-8.31,255 192 118
S3II,7.1,14000.0,414.0,3130.0,1.67,-2.8,-2.81,-5.61,255 201 119
S3III,4.8,1840.0,150.0,3130.0,1.67,-0.6,-2.81,-3.41,255 200 119
S3IV,2.6,77.6,33.6,3000.0,1.74,3.2,-3.18,0.02,255 210 156
S3V,0.3,0.0178,0.509,3000.0,1.74,12.3,-3.18,9.12,255 206 129
S3VI,0.2,0.0049,0.267,3000.0,1.74,13.7,-3.18,10.52,255 206 129
S4Ia0,13.2,8380000.0,11500.0,2940.0,1.77,-9.2,-3.36,-12.56,255 185 104
S4Ia,11.0,1100000.0,4180.0,2940.0,1.77,-7.0,-3.36,-10.36,255 185 104
S4Ib,8.9,277000.0,2090.0,2940.0,1.77,-5.5,-3.36,-8.86,255 185 104
S4II,6.7,23100.0,604.0,2940.0,1.77,-2.8,-3.36,-6.16,255 199 114
S4III,4.6,2770.0,209.0,2940.0,1.77,-0.5,-3.36,-3.86,255 206 127
S4IV,2.4,127.0,48.3,2833.0,1.83,3.2,-3.71,-0.51,255 209 155
S4V,0.3,0.0106,0.44,2833.0,1.83,13.4,-3.71,9.69,255 201 127
S4VI,0.1,0.00266,0.221,2833.0,1.83,14.9,-3.71,11.19,255 201 127
S5Ia0,12.5,15300000.0,17800.0,2750.0,1.88,-9.2,-4.01,-13.21,255 178 078
S5Ia,10.5,2020000.0,6450.0,2750.0,1.88,-7.0,-4.01,-11.01,255 178 078
S5Ib,8.4,507000.0,3230.0,2750.0,1.88,-5.5,-4.01,-9.51,255 178 078
S5II,6.4,46200.0,976.0,2750.0,1.88,-2.9,-4.01,-6.91,255 197 110
S5III,4.3,5070.0,323.0,2750.0,1.88,-0.5,-4.01,-4.51,255 197 124
S5IV,2.3,207.0,69.4,2667.0,1.93,3.3,-4.34,-1.04,255 209 154
S5V,0.2,0.00624,0.381,2667.0,1.93,14.6,-4.34,10.26,255 204 111
S5VI,0.1,0.00172,0.2,2667.0,1.93,16.0,-4.34,11.66,255 204 111
S6Ia0,12.4,28800000.0,28100.0,2560.0,2.0,-9.1,-4.8,-13.9,255 171 052
S6Ia,10.3,4170000.0,10700.0,2560.0,2.0,-7.0,-4.8,-11.8,255 171 052
S6Ib,8.3,955000.0,5120.0,2560.0,2.0,-5.4,-4.8,-10.2,255 171 052
S6II,6.3,95500.0,1620.0,2560.0,2.0,-2.9,-4.8,-7.7,255 195 105
S6III,4.2,9550.0,512.0,2560.0,2.0,-0.4,-4.8,-5.2,255 178 121
S6IV,2.2,410.0,111.0,2500.0,2.03,3.3,-5.08,-1.78,255 208 153
S6V,0.2,0.0045,0.368,2500.0,2.03,15.7,-5.08,10.62,255 195 112
S6VI,0.1,0.00163,0.222,2500.0,2.03,16.8,-5.08,11.72,255 195 112
S7Ia0,12.3,69600000.0,51000.0,2370.0,2.12,-9.1,-5.76,-14.86,255 164 026
S7Ia,10.2,9180000.0,18500.0,2370.0,2.12,-6.9,-5.76,-12.66,255 164 026
S7Ib,8.2,2100000.0,8870.0,2370.0,2.12,-5.3,-5.76,-11.06,255 164 026
S7II,6.2,253000.0,3070.0,2370.0,2.12,-3.0,-5.76,-8.76,255 193 100
S7III,4.2,21000.0,887.0,2370.0,2.12,-0.3,-5.76,-6.06,255 165 097
S7IV,2.1,926.0,192.0,2333.0,2.14,3.3,-5.97,-2.67,255 207 152
S7V,0.1,0.00369,0.383,2333.0,2.14,16.8,-5.97,10.83,255 197 111
S7VI,0.1,0.00194,0.278,2333.0,2.14,17.5,-5.97,11.53,255 197 111
S8Ia0,12.1,205000000.0,103000.0,2180.0,2.25,-9.1,-6.93,-16.03,255 157 000
S8Ia,10.1,27000000.0,37600.0,2180.0,2.25,-6.9,-6.93,-13.83,255 157 000
S8Ib,8.1,5150000.0,16400.0,2180.0,2.25,-5.1,-6.93,-12.03,255 157 000
S8II,6.1,744000.0,6230.0,2180.0,2.25,-3.0,-6.93,-9.93,255 192 096
S8III,4.1,51500.0,1640.0,2180.0,2.25,-0.1,-6.93,-7.03,255 167 097
S8IV,2.1,2440.0,361.0,2167.0,2.26,3.3,-7.02,-3.72,255 206 151
S8V,0.1,0.00353,0.434,2167.0,2.26,17.9,-7.02,10.88,255 198 109
S8VI,0.1,0.00244,0.361,2167.0,2.26,18.3,-7.02,11.28,255 198 109
S9Ia0,12.0,711000000.0,231000.0,1990.0,2.4,-9.0,-8.38,-17.38,255 157 000
S9Ia,10.0,103000000.0,87900.0,1990.0,2.4,-6.9,-8.38,-15.28,255 157 000
S9Ib,8.0,17900000.0,36700.0,1990.0,2.4,-5.0,-8.38,-13.38,255 157 000
S9II,6.0,2830000.0,14600.0,1990.0,2.4,-3.0,-8.38,-11.38,255 190 091
S9III,4.1,179000.0,3670.0,1990.0,2.4,0.0,-8.38,-8.38,255 233 154
S9IV,2.1,7910.0,764.0,2000.0,2.39,3.3,-8.3,-5.0,255 205 150
S9V,0.1,0.00415,0.553,2000.0,2.39,19.0,-8.3,10.7,255 198 108
S9VI,0.1,0.00415,0.553,2000.0,2.39,19.0,-8.3,10.7,255 198 108
DA0,1.1,6.91,0.00902,100000.0,-0.37,10.2,-7.55,2.65,155 178 255
DA1,0.9,0.265,0.00696,50400.0,-0.35,10.8,-4.61,6.19,159 181 255
DA2,0.8,0.0255,0.00864,25200.0,-0.27,11.4,-2.67,8.73,168 189 255
DA3,0.7,0.00602,0.00944,16800.0,-0.2,11.9,-1.6,10.3,179 197 255
DA4,0.6,0.00182,0.00922,12600.0,-0.13,12.5,-0.9,11.6,192 207 255
DA5,0.5,0.000693,0.0089,10080.0,-0.07,13.1,-0.45,12.65,207 218 255
DA6,0.4,0.000315,0.00864,8400.0,0.09,13.7,-0.2,13.5,224 230 255
DA7,0.3,0.00018,0.00889,7200.0,0.34,14.2,-0.09,14.11,243 243 255
DA8,0.2,0.000105,0.00887,6300.0,0.55,14.8,-0.1,14.7,255 247 245
DA9,0.1,6.73e-05,0.00898,5600.0,0.74,15.4,-0.22,15.18,255 239 225
DB0,1.1,6.91,0.00902,100000.0,-0.37,10.2,-7.55,2.65,155 178 255
DB1,0.9,0.265,0.00696,50400.0,-0.35,10.8,-4.61,6.19,159 181 255
DB2,0.8,0.0255,0.00864,25200.0,-0.27,11.4,-2.67,8.73,168 189 255
DB3,0.7,0.00602,0.00944,16800.0,-0.2,11.9,-1.6,10.3,179 197 255
DB4,0.6,0.00182,0.00922,12600.0,-0.13,12.5,-0.9,11.6,192 207 255
DB5,0.5,0.000693,0.0089,10080.0,-0.07,13.1,-0.45,12.65,207 218 255
DB6,0.4,0.000315,0.00864,8400.0,0.09,13.7,-0.2,13.5,224 230 255
DB7,0.3,0.00018,0.00889,7200.0,0.34,14.2,-0.09,14.11,243 243 255
DB8,0.2,0.000105,0.00887,6300.0,0.55,14.8,-0.1,14.7,255 247 245
DB9,0.1,6.73e-05,0.00898,5600.0,0.74,15.4,-0.22,15.18,255 239 225
DC0,1.1,6.91,0.00902,100000.0,-0.37,10.2,-7.55,2.65,155 178 255
DC1,0.9,0.265,0.00696,50400.0,-0.35,10.8,-4.61,6.19,159 181 255
DC2,0.8,0.0255,0.00864,25200.0,-0.27,11.4,-2.67,8.73,168 189 255
DC3,0.7,0.00602,0.00944,16800.0,-0.2,11.9,-1.6,10.3,179 197 255
DC4,0.6,0.00182,0.00922,12600.0,-0.13,12.5,-0.9,11.6,192 207 255
DC5,0.5,0.000693,0.0089,10080.0,-0.07,13.1,-0.45,12.65,207 218 255
DC6,0.4,0.000315,0.00864,8400.0,0.09,13.7,-0.2,13.5,224 230 255
DC7,0.3,0.00018,0.00889,7200.0,0.34,14.2,-0.09,14.11,243 243 255
DC8,0.2,0.000105,0.00887,6300.0,0.55,14.8,-0.1,14.7,255 247 245
DC9,0.1,6.73e-05,0.00898,5600.0,0.74,15.4,-0.22,15.18,255 239 225
DO0,1.1,6.91,0.00902,100000.0,-0.37,10.2,-7.55,2.65,155 178 255
DO1,0.9,0.265,0.00696,50400.0,-0.35,10.8,-4.61,6.19,159 181 255
DO2,0.8,0.0255,0.00864,25200.0,-0.27,11.4,-2.67,8.73,168 189 255
DO3,0.7,0.00602,0.00944,16800.0,-0.2,11.9,-1.6,10.3,179 197 255
DO4,0.6,0.00182,0.00922,12600.0,-0.13,12.5,-0.9,11.6,192 207 255
DO5,0.5,0.000693,0.0089,10080.0,-0.07,13.1,-0.45,12.65,207 218 255
DO6,0.4,0.000315,0.00864,8400.0,0.09,13.7,-0.2,13.5,224 230 255
DO7,0.3,0.00018,0.00889,7200.0,0.34,14.2,-0.09,14.11,243 243 255
DO8,0.2,0.000105,0.00887,6300.0,0.55,14.8,-0.1,14.7,255 247 245
DO9,0.1,6.73e-05,0.00898,5600.0,0.74,15.4,-0.22,15.18,255 239 225
DQ0,1.1,6.91,0.00902,100000.0,-0.37,10.2,-7.55,2.65,155 178 255
DQ1,0.9,0.265,0.00696,50400.0,-0.35,10.8,-4.61,6.19,159 181 255
DQ2,0.8,0.0255,0.00864,25200.0,-0.27,11.4,-2.67,8.73,168 189 255
DQ3,0.7,0.00602,0.00944,16800.0,-0.2,11.9,-1.6,10.3,179 197 255
DQ4,0.6,0.00182,0.00922,12600.0,-0.13,12.5,-0.9,11.6,192 207 255
DQ5,0.5,0.000693,0.0089,10080.0,-0.07,13.1,-0.45,12.65,207 218 255
DQ6,0.4,0.000315,0.00864,8400.0,0.09,13.7,-0.2,13.5,224 230 255
DQ7,0.3,0.00018,0.00889,7200.0,0.34,14.2,-0.09,14.11,243 243 255
DQ8,0.2,0.000105,0.00887,6300.0,0.55,14.8,-0.1,14.7,255 247 245
DQ9,0.1,6.73e-05,0.00898,5600.0,0.74,15.4,-0.22,15.18,255 239 225
DZ0,1.1,6.91,0.00902,100000.0,-0.37,10.2,-7.55,2.65,155 178 255
DZ1,0.9,0.265,0.00696,50400.0,-0.35,10.8,-4.61,6.19,159 181 255
DZ2,0.8,0.0255,0.00864,25200.0,-0.27,11.4,-2.67,8.73,168 189 255
DZ3,0.7,0.00602,0.00944,16800.0,-0.2,11.9,-1.6,10.3,179 197 255
DZ4,0.6,0.00182,0.00922,12600.0,-0.13,12.5,-0.9,11.6,192 207 255
DZ5,0.5,0.000693,0.0089,10080.0,-0.07,13.1,-0.45,12.65,207 218 255
DZ6,0.4,0.000315,0.00864,8400.0,0.09,13.7,-0.2,13.5,224 230 255
DZ7,0.3,0.00018,0.00889,7200.0,0.34,14.2,-0.09,14.11,243 243 255
DZ8,0.2,0.000105,0.00887,6300.0,0.55,14.8,-0.1,14.7,255 247 245
DZ9,0.1,6.73e-05,0.00898,5600.0,0.74,15.4,-0.22,15.18,255 239 225
